Ostan,Shahrestan,Bakhsh,Shahr,Abadi,Family,Population,Male,Female
قزوين,                                                                                                    ,                                                                                                    ,                                                                                                    ,                                                                                                                                                                                                        ,"397,165","1,273,761","650,499","623,262"
قزوين,بوئين زهرا,                                                                                                    ,                                                                                                    ,                                                                                                                                                                                                        ,"36,814","122,994","63,080","59,914"
قزوين,بوئين زهرا,رامند,                                                                                                    ,                                                                                                                                                                                                        ,"5,708","19,087","9,721","9,366"
قزوين,بوئين زهرا,رامند,ابراهيم آباد,                                                                                                                                                                                                        ,"1,399","4,473","2,316","2,157"
قزوين,بوئين زهرا,رامند,ابراهيم آباد,چسگين,136,387,170,217
قزوين,بوئين زهرا,رامند,ابراهيم آباد,علي آباد,13,39,24,15
قزوين,بوئين زهرا,رامند,ابراهيم آباد,قلعه گنجي,144,425,213,212
قزوين,بوئين زهرا,رامند,ابراهيم آباد,مجيدآباد,186,603,318,285
قزوين,بوئين زهرا,رامند,ابراهيم آباد,محمدآبادگرگر,26,77,41,36
قزوين,بوئين زهرا,رامند,ابراهيم آباد,مرغداري عبداله خان,0,0,0,0
قزوين,بوئين زهرا,رامند,ابراهيم آباد,نوده,137,427,212,215
قزوين,بوئين زهرا,رامند,ابراهيم آباد,مزرعه شورقلعه,0,0,0,0
قزوين,بوئين زهرا,رامند,ابراهيم آباد,ابراهيم آباد,300,938,521,417
قزوين,بوئين زهرا,رامند,ابراهيم آباد,قشلاق چرخلو,390,"1,360",706,654
قزوين,بوئين زهرا,رامند,ابراهيم آباد,مزرعه ناصرآباد,*         ,*         ,*         ,*         
قزوين,بوئين زهرا,رامند,ابراهيم آباد,ينگي كهريز,64,213,108,105
قزوين,بوئين زهرا,رامند,رامندجنوبي,                                                                                                                                                                                                        ,"1,608","5,180","2,582","2,598"
قزوين,بوئين زهرا,رامند,رامندجنوبي,بندسر,45,138,71,67
قزوين,بوئين زهرا,رامند,رامندجنوبي,سنجدر,20,77,40,37
قزوين,بوئين زهرا,رامند,رامندجنوبي,طالافار,0,0,0,0
قزوين,بوئين زهرا,رامند,رامندجنوبي,مرادبيگلو,64,240,113,127
قزوين,بوئين زهرا,رامند,رامندجنوبي,يزن,66,175,84,91
قزوين,بوئين زهرا,رامند,رامندجنوبي,سومينك,50,151,71,80
قزوين,بوئين زهرا,رامند,رامندجنوبي,مزرعه ككجين,0,0,0,0
قزوين,بوئين زهرا,رامند,رامندجنوبي,مزرعه آقاجري,0,0,0,0
قزوين,بوئين زهرا,رامند,رامندجنوبي,مزرعه درويش آباد,0,0,0,0
قزوين,بوئين زهرا,رامند,رامندجنوبي,خوزنين,977,"3,194","1,626","1,568"
قزوين,بوئين زهرا,رامند,رامندجنوبي,اسپيك,63,225,116,109
قزوين,بوئين زهرا,رامند,رامندجنوبي,سروجين,50,173,87,86
قزوين,بوئين زهرا,رامند,رامندجنوبي,خيارج,257,764,350,414
قزوين,بوئين زهرا,رامند,رامندجنوبي,شهرك صنعتي دانسفهان,16,43,24,19
قزوين,بوئين زهرا,رامند,دانسفهان,                                                                                                                                                                                                        ,"2,701","9,434","4,823","4,611"
قزوين,بوئين زهرا,شال,                                                                                                    ,                                                                                                                                                                                                        ,"6,609","23,238","11,946","11,292"
قزوين,بوئين زهرا,شال,زين آباد,                                                                                                                                                                                                        ,"1,194","4,183","2,208","1,975"
قزوين,بوئين زهرا,شال,زين آباد,سوس,0,0,0,0
قزوين,بوئين زهرا,شال,زين آباد,قلعه عبدالرباب آباد,12,40,15,25
قزوين,بوئين زهرا,شال,زين آباد,مچين,0,0,0,0
قزوين,بوئين زهرا,شال,زين آباد,محمودآباد,0,0,0,0
قزوين,بوئين زهرا,شال,زين آباد,مندرآباد,149,485,254,231
قزوين,بوئين زهرا,شال,زين آباد,انگشت,0,0,0,0
قزوين,بوئين زهرا,شال,زين آباد,پس پر,0,0,0,0
قزوين,بوئين زهرا,شال,زين آباد,سخس آباد,292,"1,087",587,500
قزوين,بوئين زهرا,شال,زين آباد,عبدالرباب آباد,50,175,96,79
قزوين,بوئين زهرا,شال,زين آباد,علي ابادنوپس پر,5,15,10,5
قزوين,بوئين زهرا,شال,زين آباد,حسين آباد شاه نظر,90,305,168,137
قزوين,بوئين زهرا,شال,زين آباد,مجتمع کوره هاي اجرپزي زين آباد,0,0,0,0
قزوين,بوئين زهرا,شال,زين آباد,زين آباد,491,"1,697",887,810
قزوين,بوئين زهرا,شال,زين آباد,خيراباد,105,379,191,188
قزوين,بوئين زهرا,شال,زين آباد,باقرآباد,0,0,0,0
قزوين,بوئين زهرا,شال,زين آباد,قلعه طهماسب,0,0,0,0
قزوين,بوئين زهرا,شال,قلعه هاشم,                                                                                                                                                                                                        ,"1,198","3,765","1,953","1,812"
قزوين,بوئين زهرا,شال,قلعه هاشم,مجموعه كوره هاي آجرپزي شال,33,116,68,48
قزوين,بوئين زهرا,شال,قلعه هاشم,طزرك,428,"1,382",726,656
قزوين,بوئين زهرا,شال,قلعه هاشم,عباس آباد,0,0,0,0
قزوين,بوئين زهرا,شال,قلعه هاشم,شهرك مدرس,737,"2,267","1,159","1,108"
قزوين,بوئين زهرا,شال,شال,                                                                                                                                                                                                        ,"4,217","15,290","7,785","7,505"
قزوين,بوئين زهرا,مركزئ,                                                                                                    ,                                                                                                                                                                                                        ,"16,779","55,500","28,331","27,169"
قزوين,بوئين زهرا,مركزئ,زهرائ بالا,                                                                                                                                                                                                        ,"4,320","14,023","7,235","6,788"
قزوين,بوئين زهرا,مركزئ,زهرائ بالا,خونان,726,"2,423","1,252","1,171"
قزوين,بوئين زهرا,مركزئ,زهرائ بالا,قشلاق امين آباد,63,220,124,96
قزوين,بوئين زهرا,مركزئ,زهرائ بالا,حسين آباد,470,"1,522",775,747
قزوين,بوئين زهرا,مركزئ,زهرائ بالا,عصمت اباد,922,"2,986","1,542","1,444"
قزوين,بوئين زهرا,مركزئ,زهرائ بالا,فيض آباد,177,559,281,278
قزوين,بوئين زهرا,مركزئ,زهرائ بالا,ولي آباد,287,913,478,435
قزوين,بوئين زهرا,مركزئ,زهرائ بالا,خان آباد,183,629,334,295
قزوين,بوئين زهرا,مركزئ,زهرائ بالا,شادات,0,0,0,0
قزوين,بوئين زهرا,مركزئ,زهرائ بالا,صدر آباد,261,819,418,401
قزوين,بوئين زهرا,مركزئ,زهرائ بالا,نور آباد,0,0,0,0
قزوين,بوئين زهرا,مركزئ,زهرائ بالا,جهان آباد,0,0,0,0
قزوين,بوئين زهرا,مركزئ,زهرائ بالا,حيدر آباد,105,383,194,189
قزوين,بوئين زهرا,مركزئ,زهرائ بالا,مشكين تپه,99,300,150,150
قزوين,بوئين زهرا,مركزئ,زهرائ بالا,مزرعه اله آباد,*         ,*         ,*         ,*         
قزوين,بوئين زهرا,مركزئ,زهرائ بالا,اميرآباد کهن,211,651,334,317
قزوين,بوئين زهرا,مركزئ,زهرائ بالا,کشت وصنعت الله آباد,*         ,*         ,*         ,*         
قزوين,بوئين زهرا,مركزئ,زهرائ بالا,قشلاق مرانلو,153,503,263,240
قزوين,بوئين زهرا,مركزئ,زهرائ بالا,قلعه قدرت آباد,0,0,0,0
قزوين,بوئين زهرا,مركزئ,زهرائ بالا,مزرعه بلوك زهرا,*         ,*         ,*         ,*         
قزوين,بوئين زهرا,مركزئ,زهرائ بالا,مزرعه نعمت اباد,*         ,*         ,*         ,*         
قزوين,بوئين زهرا,مركزئ,زهرائ بالا,پاپلي عليا,0,0,0,0
قزوين,بوئين زهرا,مركزئ,زهرائ بالا,شركت مرغ كدخدا,0,0,0,0
قزوين,بوئين زهرا,مركزئ,زهرائ بالا,قشلاق عاشق باري,7,24,15,9
قزوين,بوئين زهرا,مركزئ,زهرائ بالا,ولدآباد,209,656,333,323
قزوين,بوئين زهرا,مركزئ,زهرائ بالا,جنت آباد,51,173,95,78
قزوين,بوئين زهرا,مركزئ,زهرائ بالا,حسن آباد,0,0,0,0
قزوين,بوئين زهرا,مركزئ,زهرائ بالا,خرم آباد,0,0,0,0
قزوين,بوئين زهرا,مركزئ,زهرائ بالا,کشت وصنعت اميد110,0,0,0,0
قزوين,بوئين زهرا,مركزئ,زهرائ بالا,کريم آباد,0,0,0,0
قزوين,بوئين زهرا,مركزئ,زهرائ بالا,گلدر,0,0,0,0
قزوين,بوئين زهرا,مركزئ,زهرائ بالا,مزرعه شيرين آباد,0,0,0,0
قزوين,بوئين زهرا,مركزئ,زهرائ بالا,نسيم آباد,0,0,0,0
قزوين,بوئين زهرا,مركزئ,زهرائ بالا,شيشه قلعه,73,207,100,107
قزوين,بوئين زهرا,مركزئ,زهرائ بالا,طاهرآباد,0,0,0,0
قزوين,بوئين زهرا,مركزئ,زهرائ بالا,عليرضا آباد,0,0,0,0
قزوين,بوئين زهرا,مركزئ,زهرائ بالا,ككين,*         ,*         ,*         ,*         
قزوين,بوئين زهرا,مركزئ,زهرائ بالا,يعقوب آباد,0,0,0,0
قزوين,بوئين زهرا,مركزئ,زهرائ بالا,مزرعه گنجي,0,0,0,0
قزوين,بوئين زهرا,مركزئ,زهرائ بالا,محمد آباد خره,283,919,483,436
قزوين,بوئين زهرا,مركزئ,زهرائ بالا,ويس آباد,0,0,0,0
قزوين,بوئين زهرا,مركزئ,زهرائ بالا,پاپلي وسطي,29,97,46,51
قزوين,بوئين زهرا,مركزئ,زهرائ پائين,                                                                                                                                                                                                        ,"2,693","9,527","4,918","4,609"
قزوين,بوئين زهرا,مركزئ,زهرائ پائين,حاجي آباد خويي,*         ,*         ,*         ,*         
قزوين,بوئين زهرا,مركزئ,زهرائ پائين,حجيب,31,96,52,44
قزوين,بوئين زهرا,مركزئ,زهرائ پائين,شيخ چريك,0,0,0,0
قزوين,بوئين زهرا,مركزئ,زهرائ پائين,عباس ابادسيف,4,17,11,6
قزوين,بوئين زهرا,مركزئ,زهرائ پائين,قشلاق قمشلو,0,0,0,0
قزوين,بوئين زهرا,مركزئ,زهرائ پائين,قليچ كندي,0,0,0,0
قزوين,بوئين زهرا,مركزئ,زهرائ پائين,لك,0,0,0,0
قزوين,بوئين زهرا,مركزئ,زهرائ پائين,محبعلي كهريز,*         ,*         ,*         ,*         
قزوين,بوئين زهرا,مركزئ,زهرائ پائين,يارپوزلو,0,0,0,0
قزوين,بوئين زهرا,مركزئ,زهرائ پائين,اقچه مزار,135,429,216,213
قزوين,بوئين زهرا,مركزئ,زهرائ پائين,پته كوه,*         ,*         ,*         ,*         
قزوين,بوئين زهرا,مركزئ,زهرائ پائين,چوقورگل,4,12,7,5
قزوين,بوئين زهرا,مركزئ,زهرائ پائين,شورجه قشلاق,0,0,0,0
قزوين,بوئين زهرا,مركزئ,زهرائ پائين,صادقلو,6,16,12,4
قزوين,بوئين زهرا,مركزئ,زهرائ پائين,قورقورك,16,26,12,14
قزوين,بوئين زهرا,مركزئ,زهرائ پائين,مزرعه ولي اباد,*         ,*         ,*         ,*         
قزوين,بوئين زهرا,مركزئ,زهرائ پائين,يوسف اباد,*         ,*         ,*         ,*         
قزوين,بوئين زهرا,مركزئ,زهرائ پائين,آب باريک,93,319,157,162
قزوين,بوئين زهرا,مركزئ,زهرائ پائين,فتح اباد,238,875,449,426
قزوين,بوئين زهرا,مركزئ,زهرائ پائين,سلطان آباد,0,0,0,0
قزوين,بوئين زهرا,مركزئ,زهرائ پائين,عشرت آباد,89,309,155,154
قزوين,بوئين زهرا,مركزئ,زهرائ پائين,كله دره,248,851,431,420
قزوين,بوئين زهرا,مركزئ,زهرائ پائين,مجتمع كوره هاي اجرپزي عشرت اباد,*         ,*         ,*         ,*         
قزوين,بوئين زهرا,مركزئ,زهرائ پائين,اراسنج جديد,"1,061","3,740","1,866","1,874"
قزوين,بوئين زهرا,مركزئ,زهرائ پائين,رحيم آباد,180,624,320,304
قزوين,بوئين زهرا,مركزئ,زهرائ پائين,مزرعه قدرت اباد,0,0,0,0
قزوين,بوئين زهرا,مركزئ,زهرائ پائين,جهان آباد,311,"1,032",547,485
قزوين,بوئين زهرا,مركزئ,زهرائ پائين,شهرك صنعتي اراسنج,15,39,21,18
قزوين,بوئين زهرا,مركزئ,زهرائ پائين,اراسنج قديم,252,"1,117",649,468
قزوين,بوئين زهرا,مركزئ,سگزآباد,                                                                                                                                                                                                        ,"1,804","5,635","2,842","2,793"
قزوين,بوئين زهرا,مركزئ,سگزآباد,تفك,189,589,299,290
قزوين,بوئين زهرا,مركزئ,سگزآباد,اميرابادنو,550,"1,766",918,848
قزوين,بوئين زهرا,مركزئ,سگزآباد,قشلاق حاجي ابادعليا,29,113,55,58
قزوين,بوئين زهرا,مركزئ,سگزآباد,چنارسفلي,33,104,49,55
قزوين,بوئين زهرا,مركزئ,سگزآباد,چنارعليا,0,0,0,0
قزوين,بوئين زهرا,مركزئ,سگزآباد,بالاخانلو,7,23,11,12
قزوين,بوئين زهرا,مركزئ,سگزآباد,چلمبر,57,172,91,81
قزوين,بوئين زهرا,مركزئ,سگزآباد,حاجي عرب,169,454,231,223
قزوين,بوئين زهرا,مركزئ,سگزآباد,روواند,35,117,60,57
قزوين,بوئين زهرا,مركزئ,سگزآباد,صادق اباد,9,25,15,10
قزوين,بوئين زهرا,مركزئ,سگزآباد,قشلاق چلمبر,*         ,*         ,*         ,*         
قزوين,بوئين زهرا,مركزئ,سگزآباد,يوسف باغي,0,0,0,0
قزوين,بوئين زهرا,مركزئ,سگزآباد,مزرعه يوسف باغي,0,0,0,0
قزوين,بوئين زهرا,مركزئ,سگزآباد,رحمت اباد,0,0,0,0
قزوين,بوئين زهرا,مركزئ,سگزآباد,رستم اباد,181,520,268,252
قزوين,بوئين زهرا,مركزئ,سگزآباد,مزرعه گوهرچينك,0,0,0,0
قزوين,بوئين زهرا,مركزئ,سگزآباد,يريجان,159,472,248,224
قزوين,بوئين زهرا,مركزئ,سگزآباد,رودك,383,"1,270",593,677
قزوين,بوئين زهرا,مركزئ,بوئين زهرا,                                                                                                                                                                                                        ,"6,298","20,823","10,552","10,271"
قزوين,بوئين زهرا,مركزئ,سگزآباد,                                                                                                                                                                                                        ,"1,664","5,492","2,784","2,708"
قزوين,بوئين زهرا,دشتابي,                                                                                                    ,                                                                                                                                                                                                        ,"7,718","25,169","13,082","12,087"
قزوين,بوئين زهرا,دشتابي,دشتابي شرقي,                                                                                                                                                                                                        ,"3,069","10,210","5,304","4,906"
قزوين,بوئين زهرا,دشتابي,دشتابي شرقي,ليا,351,"1,169",618,551
قزوين,بوئين زهرا,دشتابي,دشتابي شرقي,بزمجرد,8,24,12,12
قزوين,بوئين زهرا,دشتابي,دشتابي شرقي,زرين اباد,13,43,21,22
قزوين,بوئين زهرا,دشتابي,دشتابي شرقي,زليخا,124,384,197,187
قزوين,بوئين زهرا,دشتابي,دشتابي شرقي,شنبرك,87,290,138,152
قزوين,بوئين زهرا,دشتابي,دشتابي شرقي,نصرتابادبايه,47,168,89,79
قزوين,بوئين زهرا,دشتابي,دشتابي شرقي,نوده لكوان,167,536,263,273
قزوين,بوئين زهرا,دشتابي,دشتابي شرقي,وجيه اباد,112,389,207,182
قزوين,بوئين زهرا,دشتابي,دشتابي شرقي,دستجردك,0,0,0,0
قزوين,بوئين زهرا,دشتابي,دشتابي شرقي,شهرستانك,553,"1,883",977,906
قزوين,بوئين زهرا,دشتابي,دشتابي شرقي,اقابابا,222,763,402,361
قزوين,بوئين زهرا,دشتابي,دشتابي شرقي,تتنك,27,75,34,41
قزوين,بوئين زهرا,دشتابي,دشتابي شرقي,خالدين,77,277,145,132
قزوين,بوئين زهرا,دشتابي,دشتابي شرقي,خريوان,0,0,0,0
قزوين,بوئين زهرا,دشتابي,دشتابي شرقي,رحمت ابادكوچك,50,161,82,79
قزوين,بوئين زهرا,دشتابي,دشتابي شرقي,ابخوره,112,349,171,178
قزوين,بوئين زهرا,دشتابي,دشتابي شرقي,امين اباد,6,23,11,12
قزوين,بوئين زهرا,دشتابي,دشتابي شرقي,قميك كوچك,38,126,59,67
قزوين,بوئين زهرا,دشتابي,دشتابي شرقي,موين,166,550,292,258
قزوين,بوئين زهرا,دشتابي,دشتابي شرقي,حسين اباداميني,115,360,179,181
قزوين,بوئين زهرا,دشتابي,دشتابي شرقي,حكيم اباد,56,200,95,105
قزوين,بوئين زهرا,دشتابي,دشتابي شرقي,شاهين تپه,738,"2,440","1,312","1,128"
قزوين,بوئين زهرا,دشتابي,دشتابي غربي,                                                                                                                                                                                                        ,"3,053","9,916","5,195","4,721"
قزوين,بوئين زهرا,دشتابي,دشتابي غربي,خروزك,21,61,28,33
قزوين,بوئين زهرا,دشتابي,دشتابي غربي,شادمهان,227,736,400,336
قزوين,بوئين زهرا,دشتابي,دشتابي غربي,فركان,23,69,41,28
قزوين,بوئين زهرا,دشتابي,دشتابي غربي,كوند,40,110,65,45
قزوين,بوئين زهرا,دشتابي,دشتابي غربي,احمداباد,202,669,347,322
قزوين,بوئين زهرا,دشتابي,دشتابي غربي,اميراباد,0,0,0,0
قزوين,بوئين زهرا,دشتابي,دشتابي غربي,باقراباد,14,27,20,7
قزوين,بوئين زهرا,دشتابي,دشتابي غربي,علي اباد,94,295,141,154
قزوين,بوئين زهرا,دشتابي,دشتابي غربي,مراداباد,116,413,229,184
قزوين,بوئين زهرا,دشتابي,دشتابي غربي,نصرت اباد,21,73,40,33
قزوين,بوئين زهرا,دشتابي,دشتابي غربي,وكيل اباد,0,0,0,0
قزوين,بوئين زهرا,دشتابي,دشتابي غربي,رحمت ابادبزرگ,381,"1,233",639,594
قزوين,بوئين زهرا,دشتابي,دشتابي غربي,سعيداباد,452,"1,465",743,722
قزوين,بوئين زهرا,دشتابي,دشتابي غربي,ديزان,169,530,288,242
قزوين,بوئين زهرا,دشتابي,دشتابي غربي,سوليقان,241,758,404,354
قزوين,بوئين زهرا,دشتابي,دشتابي غربي,شارد,310,948,510,438
قزوين,بوئين زهرا,دشتابي,دشتابي غربي,كچله گرد,222,759,398,361
قزوين,بوئين زهرا,دشتابي,دشتابي غربي,جوهرين,237,784,398,386
قزوين,بوئين زهرا,دشتابي,دشتابي غربي,حسن اباد,117,400,210,190
قزوين,بوئين زهرا,دشتابي,دشتابي غربي,حسين ابادبيگلربيگي,24,80,42,38
قزوين,بوئين زهرا,دشتابي,دشتابي غربي,جوين,70,263,132,131
قزوين,بوئين زهرا,دشتابي,دشتابي غربي,سليمان اباد,72,243,120,123
قزوين,بوئين زهرا,دشتابي,ارداق,                                                                                                                                                                                                        ,"1,596","5,043","2,583","2,460"
قزوين,تاكستان,                                                                                                    ,                                                                                                    ,                                                                                                                                                                                                        ,"52,917","172,636","87,881","84,755"
قزوين,تاكستان,اسفرورين,                                                                                                    ,                                                                                                                                                                                                        ,"8,453","29,300","14,955","14,345"
قزوين,تاكستان,اسفرورين,اك,                                                                                                                                                                                                        ,"2,999","10,320","5,364","4,956"
قزوين,تاكستان,اسفرورين,اك,ولازجرد,466,"1,521",815,706
قزوين,تاكستان,اسفرورين,اك,خروزان,160,544,280,264
قزوين,تاكستان,اسفرورين,اك,محموداباد,136,483,249,234
قزوين,تاكستان,اسفرورين,اك,شارين,70,251,130,121
قزوين,تاكستان,اسفرورين,اك,كوره اجر پزئ نسائي,0,0,0,0
قزوين,تاكستان,اسفرورين,اك,کوره اجرپزي لوشکان,0,0,0,0
قزوين,تاكستان,اسفرورين,اك,ناصر اباد سادات,17,54,31,23
قزوين,تاكستان,اسفرورين,اك,اسلام آباد,31,101,53,48
قزوين,تاكستان,اسفرورين,اك,اك,950,"3,220","1,727","1,493"
قزوين,تاكستان,اسفرورين,اك,مزرعه رضي اباد,0,0,0,0
قزوين,تاكستان,اسفرورين,اك,قرقسين,328,"1,118",580,538
قزوين,تاكستان,اسفرورين,اك,چهاركوت,0,0,0,0
قزوين,تاكستان,اسفرورين,اك,لوشكان,841,"3,028","1,499","1,529"
قزوين,تاكستان,اسفرورين,خرم آباد,                                                                                                                                                                                                        ,"2,060","6,609","3,389","3,220"
قزوين,تاكستان,اسفرورين,خرم آباد,خرم اباد,521,"1,431",740,691
قزوين,تاكستان,اسفرورين,خرم آباد,ديال اباد,730,"2,351","1,185","1,166"
قزوين,تاكستان,اسفرورين,خرم آباد,شركت زرمرغ,0,0,0,0
قزوين,تاكستان,اسفرورين,خرم آباد,كهك,809,"2,827","1,464","1,363"
قزوين,تاكستان,اسفرورين,اسفرورين,                                                                                                                                                                                                        ,"3,394","12,371","6,202","6,169"
قزوين,تاكستان,خرمدشت,                                                                                                    ,                                                                                                                                                                                                        ,"6,520","20,661","10,548","10,113"
قزوين,تاكستان,خرمدشت,افشاريه,                                                                                                                                                                                                        ,"2,379","7,262","3,692","3,570"
قزوين,تاكستان,خرمدشت,افشاريه,اورازجين,377,"1,244",659,585
قزوين,تاكستان,خرمدشت,افشاريه,جعفراباد,218,753,374,379
قزوين,تاكستان,خرمدشت,افشاريه,حميداباد,5,13,8,5
قزوين,تاكستان,خرمدشت,افشاريه,ياري اباد,42,127,65,62
قزوين,تاكستان,خرمدشت,افشاريه,رحيم اباد,153,445,237,208
قزوين,تاكستان,خرمدشت,افشاريه,اتش انبار,32,103,56,47
قزوين,تاكستان,خرمدشت,افشاريه,كوشكك,56,170,80,90
قزوين,تاكستان,خرمدشت,افشاريه,هاشم باغي,0,0,0,0
قزوين,تاكستان,خرمدشت,افشاريه,طرويزك,311,"1,019",511,508
قزوين,تاكستان,خرمدشت,افشاريه,شنستق سفلي,103,296,135,161
قزوين,تاكستان,خرمدشت,افشاريه,شنستق عليا,124,344,179,165
قزوين,تاكستان,خرمدشت,افشاريه,كورچشمه,73,222,112,110
قزوين,تاكستان,خرمدشت,افشاريه,ياستي بلاغ,0,0,0,0
قزوين,تاكستان,خرمدشت,افشاريه,برزلجين,311,896,467,429
قزوين,تاكستان,خرمدشت,افشاريه,حاجي اباد,68,158,78,80
قزوين,تاكستان,خرمدشت,افشاريه,سينك,87,266,131,135
قزوين,تاكستان,خرمدشت,افشاريه,اقچه قيه,0,0,0,0
قزوين,تاكستان,خرمدشت,افشاريه,شيزند,305,866,435,431
قزوين,تاكستان,خرمدشت,افشاريه,كشمرز,114,340,165,175
قزوين,تاكستان,خرمدشت,رامندشمالي,                                                                                                                                                                                                        ,"2,144","6,845","3,522","3,323"
قزوين,تاكستان,خرمدشت,رامندشمالي,رادكان,717,"2,306","1,202","1,104"
قزوين,تاكستان,خرمدشت,رامندشمالي,داكان,263,863,425,438
قزوين,تاكستان,خرمدشت,رامندشمالي,قاسم اباد,174,539,270,269
قزوين,تاكستان,خرمدشت,رامندشمالي,ورسنج دودانگه,344,"1,098",564,534
قزوين,تاكستان,خرمدشت,رامندشمالي,سيف اباد,270,793,414,379
قزوين,تاكستان,خرمدشت,رامندشمالي,مزرعه علمدار,0,0,0,0
قزوين,تاكستان,خرمدشت,رامندشمالي,جهان اباد,321,"1,055",552,503
قزوين,تاكستان,خرمدشت,رامندشمالي,قنبراباد,55,191,95,96
قزوين,تاكستان,خرمدشت,خرمدشت,                                                                                                                                                                                                        ,"1,997","6,554","3,334","3,220"
قزوين,تاكستان,ضياءآباد,                                                                                                    ,                                                                                                                                                                                                        ,"6,224","18,918","9,385","9,533"
قزوين,تاكستان,ضياءآباد,دودانگه سفلي,                                                                                                                                                                                                        ,"1,829","5,595","2,792","2,803"
قزوين,تاكستان,ضياءآباد,دودانگه سفلي,بادامك,0,0,0,0
قزوين,تاكستان,ضياءآباد,دودانگه سفلي,حسن ابادسادات,64,174,82,92
قزوين,تاكستان,ضياءآباد,دودانگه سفلي,سگزناب,58,141,70,71
قزوين,تاكستان,ضياءآباد,دودانگه سفلي,شيزر,106,267,128,139
قزوين,تاكستان,ضياءآباد,دودانگه سفلي,قلعه شهداڈ,60,180,87,93
قزوين,تاكستان,ضياءآباد,دودانگه سفلي,جعفرآبادفتحعلي خان,0,0,0,0
قزوين,تاكستان,ضياءآباد,دودانگه سفلي,چوزه,385,"1,291",637,654
قزوين,تاكستان,ضياءآباد,دودانگه سفلي,قره قورتان,12,36,15,21
قزوين,تاكستان,ضياءآباد,دودانگه سفلي,گنبدك,15,31,18,13
قزوين,تاكستان,ضياءآباد,دودانگه سفلي,حصار,99,288,145,143
قزوين,تاكستان,ضياءآباد,دودانگه سفلي,نهب,105,390,254,136
قزوين,تاكستان,ضياءآباد,دودانگه سفلي,حسين اباد,89,252,116,136
قزوين,تاكستان,ضياءآباد,دودانگه سفلي,شبانك,9,33,18,15
قزوين,تاكستان,ضياءآباد,دودانگه سفلي,صادق اباد,52,146,70,76
قزوين,تاكستان,ضياءآباد,دودانگه سفلي,ارونقاش,100,312,164,148
قزوين,تاكستان,ضياءآباد,دودانگه سفلي,ساج,141,377,166,211
قزوين,تاكستان,ضياءآباد,دودانگه سفلي,شاكين,93,247,111,136
قزوين,تاكستان,ضياءآباد,دودانگه سفلي,وركه رود,30,83,45,38
قزوين,تاكستان,ضياءآباد,دودانگه سفلي,آزادده,224,713,353,360
قزوين,تاكستان,ضياءآباد,دودانگه سفلي,قرمزاباد,187,634,313,321
قزوين,تاكستان,ضياءآباد,دودانگه عليا,                                                                                                                                                                                                        ,"1,658","5,061","2,480","2,581"
قزوين,تاكستان,ضياءآباد,دودانگه عليا,اورنه,144,476,210,266
قزوين,تاكستان,ضياءآباد,دودانگه عليا,شينين,101,306,147,159
قزوين,تاكستان,ضياءآباد,دودانگه عليا,قراچه قيا,67,256,125,131
قزوين,تاكستان,ضياءآباد,دودانگه عليا,قلعه جوق,73,229,108,121
قزوين,تاكستان,ضياءآباد,دودانگه عليا,قينرجه,26,71,36,35
قزوين,تاكستان,ضياءآباد,دودانگه عليا,يام چشمه,21,49,28,21
قزوين,تاكستان,ضياءآباد,دودانگه عليا,خنداب,37,92,45,47
قزوين,تاكستان,ضياءآباد,دودانگه عليا,فارسجين,626,"1,860",925,935
قزوين,تاكستان,ضياءآباد,دودانگه عليا,طويوقچي,252,795,402,393
قزوين,تاكستان,ضياءآباد,دودانگه عليا,ابكلو,0,0,0,0
قزوين,تاكستان,ضياءآباد,دودانگه عليا,اربطدره,7,30,16,14
قزوين,تاكستان,ضياءآباد,دودانگه عليا,بان پاشا,0,0,0,0
قزوين,تاكستان,ضياءآباد,دودانگه عليا,جرندق,95,289,137,152
قزوين,تاكستان,ضياءآباد,دودانگه عليا,حسين ابادجرندق(دودانگه عليا),47,116,47,69
قزوين,تاكستان,ضياءآباد,دودانگه عليا,سوليدره,24,70,36,34
قزوين,تاكستان,ضياءآباد,دودانگه عليا,سي چانلو,5,9,6,3
قزوين,تاكستان,ضياءآباد,دودانگه عليا,شورجه,17,46,24,22
قزوين,تاكستان,ضياءآباد,دودانگه عليا,مولااباد,0,0,0,0
قزوين,تاكستان,ضياءآباد,دودانگه عليا,مهين,97,301,154,147
قزوين,تاكستان,ضياءآباد,دودانگه عليا,هفت صندوق,12,43,23,20
قزوين,تاكستان,ضياءآباد,دودانگه عليا,احمداباد,7,23,11,12
قزوين,تاكستان,ضياءآباد,ضياڈآباد,                                                                                                                                                                                                        ,"2,737","8,262","4,113","4,149"
قزوين,تاكستان,مركزئ,                                                                                                    ,                                                                                                                                                                                                        ,"31,720","103,757","52,993","50,764"
قزوين,تاكستان,مركزئ,قاقازان شرقي,                                                                                                                                                                                                        ,"3,878","12,887","6,656","6,231"
قزوين,تاكستان,مركزئ,قاقازان شرقي,قميك بزرگ,302,"1,003",533,470
قزوين,تاكستان,مركزئ,قاقازان شرقي,کشت و صنعت روزبهاني,0,0,0,0
قزوين,تاكستان,مركزئ,قاقازان شرقي,مهدي اباد,163,513,242,271
قزوين,تاكستان,مركزئ,قاقازان شرقي,دولت اباد,204,713,371,342
قزوين,تاكستان,مركزئ,قاقازان شرقي,يحيي اباد,871,"3,060","1,574","1,486"
قزوين,تاكستان,مركزئ,قاقازان شرقي,داغلان,449,"1,496",775,721
قزوين,تاكستان,مركزئ,قاقازان شرقي,عاشق حصار,13,36,21,15
قزوين,تاكستان,مركزئ,قاقازان شرقي,اقچه كند,77,264,125,139
قزوين,تاكستان,مركزئ,قاقازان شرقي,خورهشت,657,"2,144","1,125","1,019"
قزوين,تاكستان,مركزئ,قاقازان شرقي,علنقيه,47,146,64,82
قزوين,تاكستان,مركزئ,قاقازان شرقي,قازان داغي,5,10,5,5
قزوين,تاكستان,مركزئ,قاقازان شرقي,قاسم اباد,13,47,26,21
قزوين,تاكستان,مركزئ,قاقازان شرقي,قره داش,15,47,23,24
قزوين,تاكستان,مركزئ,قاقازان شرقي,قره كرسلو,0,0,0,0
قزوين,تاكستان,مركزئ,قاقازان شرقي,قلعه قره داش,25,82,47,35
قزوين,تاكستان,مركزئ,قاقازان شرقي,مرگسين,77,241,118,123
قزوين,تاكستان,مركزئ,قاقازان شرقي,نوهل,0,0,0,0
قزوين,تاكستان,مركزئ,قاقازان شرقي,كندر,423,"1,383",709,674
قزوين,تاكستان,مركزئ,قاقازان شرقي,اشتجين,161,517,282,235
قزوين,تاكستان,مركزئ,قاقازان شرقي,دستجرد,195,611,316,295
قزوين,تاكستان,مركزئ,قاقازان شرقي,شيرازك,181,574,300,274
قزوين,تاكستان,مركزئ,قاقازان غربي,                                                                                                                                                                                                        ,"1,403","4,412","2,231","2,181"
قزوين,تاكستان,مركزئ,قاقازان غربي,اقبلاغ,39,99,47,52
قزوين,تاكستان,مركزئ,قاقازان غربي,تاكند,69,166,62,104
قزوين,تاكستان,مركزئ,قاقازان غربي,قلات,113,344,178,166
قزوين,تاكستان,مركزئ,قاقازان غربي,انداق,191,611,314,297
قزوين,تاكستان,مركزئ,قاقازان غربي,مشكين,132,408,209,199
قزوين,تاكستان,مركزئ,قاقازان غربي,كنشكين,299,976,511,465
قزوين,تاكستان,مركزئ,قاقازان غربي,امين اباد,0,0,0,0
قزوين,تاكستان,مركزئ,قاقازان غربي,چنارستان,0,0,0,0
قزوين,تاكستان,مركزئ,قاقازان غربي,فشالنج,22,68,33,35
قزوين,تاكستان,مركزئ,قاقازان غربي,گوزه گلن,0,0,0,0
قزوين,تاكستان,مركزئ,قاقازان غربي,مزرعه وازراه,0,0,0,0
قزوين,تاكستان,مركزئ,قاقازان غربي,نيكويه,243,775,383,392
قزوين,تاكستان,مركزئ,قاقازان غربي,يزده رود,32,105,52,53
قزوين,تاكستان,مركزئ,قاقازان غربي,چنگوره,24,63,35,28
قزوين,تاكستان,مركزئ,قاقازان غربي,خرمال اباد,10,30,13,17
قزوين,تاكستان,مركزئ,قاقازان غربي,دربهان,96,305,152,153
قزوين,تاكستان,مركزئ,قاقازان غربي,درمان چاي,*         ,*         ,*         ,*         
قزوين,تاكستان,مركزئ,قاقازان غربي,سراس,56,182,94,88
قزوين,تاكستان,مركزئ,قاقازان غربي,سوليدره دربهان,18,80,42,38
قزوين,تاكستان,مركزئ,قاقازان غربي,شناسوند,30,105,57,48
قزوين,تاكستان,مركزئ,قاقازان غربي,مايان,26,91,46,45
قزوين,تاكستان,مركزئ,قاقازان غربي,ينگجه قاقازان,0,0,0,0
قزوين,تاكستان,مركزئ,نرجه,                                                                                                                                                                                                        ,183,555,271,284
قزوين,تاكستان,مركزئ,نرجه,کارخانه روکش لاستيک ايران,0,0,0,0
قزوين,تاكستان,مركزئ,نرجه,تاک بتن شايگان,0,0,0,0
قزوين,تاكستان,مركزئ,نرجه,كوره اجرپزي اتحادنو,0,0,0,0
قزوين,تاكستان,مركزئ,نرجه,كوره اجرپزي حاجي شعبان,0,0,0,0
قزوين,تاكستان,مركزئ,نرجه,کوره اجرفشاري خرم,*         ,*         ,*         ,*         
قزوين,تاكستان,مركزئ,نرجه,مرغداري روشن,0,0,0,0
قزوين,تاكستان,مركزئ,نرجه,مرغداري نادر خديو,0,0,0,0
قزوين,تاكستان,مركزئ,نرجه,نودهك,51,134,63,71
قزوين,تاكستان,مركزئ,نرجه,ايستگاه سياه باغ,0,0,0,0
قزوين,تاكستان,مركزئ,نرجه,باشگل,0,0,0,0
قزوين,تاكستان,مركزئ,نرجه,بنددلاور,*         ,*         ,*         ,*         
قزوين,تاكستان,مركزئ,نرجه,شنين قاقازان,19,66,35,31
قزوين,تاكستان,مركزئ,نرجه,قره باغ,106,332,159,173
قزوين,تاكستان,مركزئ,نرجه,كلاده,0,0,0,0
قزوين,تاكستان,مركزئ,نرجه,ينگجه,0,0,0,0
قزوين,تاكستان,مركزئ,نرجه,كوره اجرپزي نور,0,0,0,0
قزوين,تاكستان,مركزئ,نرجه,مرغداري فيض ا... طاهرخاني(وليعصر),0,0,0,0
قزوين,تاكستان,مركزئ,نرجه,شهرصنعتي تاكستان,*         ,*         ,*         ,*         
قزوين,تاكستان,مركزئ,نرجه,مرغدارئ پيوند,0,0,0,0
قزوين,تاكستان,مركزئ,نرجه,مزرعه شمس,0,0,0,0
قزوين,تاكستان,مركزئ,نرجه,مزرعه حاج يداله طاهرخاني,0,0,0,0
قزوين,تاكستان,مركزئ,نرجه,مزرعه حاج عباس طاهرخاني,0,0,0,0
قزوين,تاكستان,مركزئ,نرجه,سامان بتن,0,0,0,0
قزوين,تاكستان,مركزئ,تاكستان,                                                                                                                                                                                                        ,"24,595","80,299","40,975","39,324"
قزوين,تاكستان,مركزئ,نرجه,                                                                                                                                                                                                        ,"1,661","5,604","2,860","2,744"
قزوين,قزوين,                                                                                                    ,                                                                                                    ,                                                                                                                                                                                                        ,"188,460","596,932","303,905","293,027"
قزوين,قزوين,رودبارالموت شرقي,                                                                                                    ,                                                                                                                                                                                                        ,"5,133","13,701","6,946","6,755"
قزوين,قزوين,رودبارالموت شرقي,الموت بالا,                                                                                                                                                                                                        ,"1,924","5,067","2,595","2,472"
قزوين,قزوين,رودبارالموت شرقي,الموت بالا,افتابدر,39,109,54,55
قزوين,قزوين,رودبارالموت شرقي,الموت بالا,اوه,59,140,77,63
قزوين,قزوين,رودبارالموت شرقي,الموت بالا,بوكان,56,138,71,67
قزوين,قزوين,رودبارالموت شرقي,الموت بالا,دهك,44,102,49,53
قزوين,قزوين,رودبارالموت شرقي,الموت بالا,مينودشت,70,170,90,80
قزوين,قزوين,رودبارالموت شرقي,الموت بالا,فيشان,66,183,90,93
قزوين,قزوين,رودبارالموت شرقي,الموت بالا,يرك,59,147,73,74
قزوين,قزوين,رودبارالموت شرقي,الموت بالا,توان,62,166,84,82
قزوين,قزوين,رودبارالموت شرقي,الموت بالا,خشكچال,171,520,259,261
قزوين,قزوين,رودبارالموت شرقي,الموت بالا,گازرخان(مسعودآباد),207,517,269,248
قزوين,قزوين,رودبارالموت شرقي,الموت بالا,اندج,84,229,119,110
قزوين,قزوين,رودبارالموت شرقي,الموت بالا,شريف آباد,32,91,47,44
قزوين,قزوين,رودبارالموت شرقي,الموت بالا,دك,21,55,29,26
قزوين,قزوين,رودبارالموت شرقي,الموت بالا,سرخ كوله,8,19,10,9
قزوين,قزوين,رودبارالموت شرقي,الموت بالا,صايين كلايه,27,50,25,25
قزوين,قزوين,رودبارالموت شرقي,الموت بالا,كندان سر,36,81,38,43
قزوين,قزوين,رودبارالموت شرقي,الموت بالا,كوچنان,158,445,231,214
قزوين,قزوين,رودبارالموت شرقي,الموت بالا,محمود آباد,52,137,66,71
قزوين,قزوين,رودبارالموت شرقي,الموت بالا,ملا کلايه,30,71,41,30
قزوين,قزوين,رودبارالموت شرقي,الموت بالا,زردچين,36,101,50,51
قزوين,قزوين,رودبارالموت شرقي,الموت بالا,آزاد رود,18,21,18,3
قزوين,قزوين,رودبارالموت شرقي,الموت بالا,امشك,*         ,*         ,*         ,*         
قزوين,قزوين,رودبارالموت شرقي,الموت بالا,باغ كلايه,46,122,58,64
قزوين,قزوين,رودبارالموت شرقي,الموت بالا,بيدلي,10,72,63,9
قزوين,قزوين,رودبارالموت شرقي,الموت بالا,جوتان,68,175,87,88
قزوين,قزوين,رودبارالموت شرقي,الموت بالا,جولادك,67,124,63,61
قزوين,قزوين,رودبارالموت شرقي,الموت بالا,دينه كوه,95,257,124,133
قزوين,قزوين,رودبارالموت شرقي,الموت بالا,سليمان آباد,29,80,44,36
قزوين,قزوين,رودبارالموت شرقي,الموت بالا,شيركوه,12,38,23,15
قزوين,قزوين,رودبارالموت شرقي,الموت بالا,مردانچال,0,0,0,0
قزوين,قزوين,رودبارالموت شرقي,الموت بالا,ميانان,0,0,0,0
قزوين,قزوين,رودبارالموت شرقي,الموت بالا,باغ دشت,77,210,107,103
قزوين,قزوين,رودبارالموت شرقي,الموت بالا,شورستان,34,74,39,35
قزوين,قزوين,رودبارالموت شرقي,الموت بالا,پارس آباد,7,45,12,33
قزوين,قزوين,رودبارالموت شرقي,الموت بالا,تركان,72,202,93,109
قزوين,قزوين,رودبارالموت شرقي,الموت بالا,شهرك,70,173,91,82
قزوين,قزوين,رودبارالموت شرقي,الموت بالا,مزرعه نظام باغ,0,0,0,0
قزوين,قزوين,رودبارالموت شرقي,الموت پائين,                                                                                                                                                                                                        ,"1,290","3,241","1,645","1,596"
قزوين,قزوين,رودبارالموت شرقي,الموت پائين,الانگان,*         ,*         ,*         ,*         
قزوين,قزوين,رودبارالموت شرقي,الموت پائين,اواتر,10,29,18,11
قزوين,قزوين,رودبارالموت شرقي,الموت پائين,اوانك,22,55,27,28
قزوين,قزوين,رودبارالموت شرقي,الموت پائين,پيج بن,34,98,56,42
قزوين,قزوين,رودبارالموت شرقي,الموت پائين,جيرنده,27,63,27,36
قزوين,قزوين,رودبارالموت شرقي,الموت پائين,حسن آباد,15,38,23,15
قزوين,قزوين,رودبارالموت شرقي,الموت پائين,دينه رود,18,37,17,20
قزوين,قزوين,رودبارالموت شرقي,الموت پائين,گرمارود,106,232,115,117
قزوين,قزوين,رودبارالموت شرقي,الموت پائين,كلان,24,63,24,39
قزوين,قزوين,رودبارالموت شرقي,الموت پائين,نرميلات,4,10,5,5
قزوين,قزوين,رودبارالموت شرقي,الموت پائين,ورك,20,48,25,23
قزوين,قزوين,رودبارالموت شرقي,الموت پائين,وركرود,4,10,5,5
قزوين,قزوين,رودبارالموت شرقي,الموت پائين,ويكان,12,22,8,14
قزوين,قزوين,رودبارالموت شرقي,الموت پائين,وناش بالا,27,83,42,41
قزوين,قزوين,رودبارالموت شرقي,الموت پائين,پونان,0,0,0,0
قزوين,قزوين,رودبارالموت شرقي,الموت پائين,خوبان,20,48,22,26
قزوين,قزوين,رودبارالموت شرقي,الموت پائين,خوبكوه,17,44,23,21
قزوين,قزوين,رودبارالموت شرقي,الموت پائين,روچ دره,*         ,*         ,*         ,*         
قزوين,قزوين,رودبارالموت شرقي,الموت پائين,روچ سفلي,65,173,93,80
قزوين,قزوين,رودبارالموت شرقي,الموت پائين,روچ عليا,83,197,101,96
قزوين,قزوين,رودبارالموت شرقي,الموت پائين,زوارك,39,102,51,51
قزوين,قزوين,رودبارالموت شرقي,الموت پائين,سراج كلايه,26,69,33,36
قزوين,قزوين,رودبارالموت شرقي,الموت پائين,سفيددر,27,74,33,41
قزوين,قزوين,رودبارالموت شرقي,الموت پائين,سيلكان,34,82,45,37
قزوين,قزوين,رودبارالموت شرقي,الموت پائين,كشك دشت,60,144,71,73
قزوين,قزوين,رودبارالموت شرقي,الموت پائين,گچ لات,0,0,0,0
قزوين,قزوين,رودبارالموت شرقي,الموت پائين,نسا,11,26,12,14
قزوين,قزوين,رودبارالموت شرقي,الموت پائين,وناش پائين,30,74,38,36
قزوين,قزوين,رودبارالموت شرقي,الموت پائين,يارفي,23,58,36,22
قزوين,قزوين,رودبارالموت شرقي,الموت پائين,اتان,148,379,184,195
قزوين,قزوين,رودبارالموت شرقي,الموت پائين,اتان رود,16,39,22,17
قزوين,قزوين,رودبارالموت شرقي,الموت پائين,ايلان,19,47,26,21
قزوين,قزوين,رودبارالموت شرقي,الموت پائين,چوثر,11,31,16,15
قزوين,قزوين,رودبارالموت شرقي,الموت پائين,طاله,34,81,44,37
قزوين,قزوين,رودبارالموت شرقي,الموت پائين,كلايه,109,255,127,128
قزوين,قزوين,رودبارالموت شرقي,الموت پائين,هنيز,77,248,135,113
قزوين,قزوين,رودبارالموت شرقي,الموت پائين,كافركش,10,23,10,13
قزوين,قزوين,رودبارالموت شرقي,الموت پائين,مدان,48,121,61,60
قزوين,قزوين,رودبارالموت شرقي,الموت پائين,هرانك,58,134,68,66
قزوين,قزوين,رودبارالموت شرقي,معلم كلايه,                                                                                                                                                                                                        ,"1,211","3,170","1,560","1,610"
قزوين,قزوين,رودبارالموت شرقي,معلم كلايه,اوان,136,349,164,185
قزوين,قزوين,رودبارالموت شرقي,معلم كلايه,زراباد,334,895,433,462
قزوين,قزوين,رودبارالموت شرقي,معلم كلايه,زواردشت,133,361,172,189
قزوين,قزوين,رودبارالموت شرقي,معلم كلايه,كلنگ سر,0,0,0,0
قزوين,قزوين,رودبارالموت شرقي,معلم كلايه,ميانخاني,8,18,9,9
قزوين,قزوين,رودبارالموت شرقي,معلم كلايه,وربن,61,126,56,70
قزوين,قزوين,رودبارالموت شرقي,معلم كلايه,ازرت,17,59,28,31
قزوين,قزوين,رودبارالموت شرقي,معلم كلايه,ايين,6,10,6,4
قزوين,قزوين,رودبارالموت شرقي,معلم كلايه,ديكين,150,340,182,158
قزوين,قزوين,رودبارالموت شرقي,معلم كلايه,سرخه دزدک,42,130,67,63
قزوين,قزوين,رودبارالموت شرقي,معلم كلايه,كوشك,83,227,113,114
قزوين,قزوين,رودبارالموت شرقي,معلم كلايه,گرمارودسفلي,128,361,177,184
قزوين,قزوين,رودبارالموت شرقي,معلم كلايه,گرمارودعليا,69,183,94,89
قزوين,قزوين,رودبارالموت شرقي,معلم كلايه,مزرعه سفلي,24,53,26,27
قزوين,قزوين,رودبارالموت شرقي,معلم كلايه,مزرعه عليا,20,58,33,25
قزوين,قزوين,رودبارالموت شرقي,معلم كلايه,                                                                                                                                                                                                        ,708,"2,223","1,146","1,077"
قزوين,قزوين,رودبارالموت غربي,                                                                                                    ,                                                                                                                                                                                                        ,"7,272","20,896","10,822","10,074"
قزوين,قزوين,رودبارالموت غربي,رودبار شهرستان,                                                                                                                                                                                                        ,"2,634","7,584","3,928","3,656"
قزوين,قزوين,رودبارالموت غربي,رودبار شهرستان,انارت,*         ,*         ,*         ,*         
قزوين,قزوين,رودبارالموت غربي,رودبار شهرستان,دربند,56,152,79,73
قزوين,قزوين,رودبارالموت غربي,رودبار شهرستان,شنگل,6,22,14,8
قزوين,قزوين,رودبارالموت غربي,رودبار شهرستان,ويار,56,124,55,69
قزوين,قزوين,رودبارالموت غربي,رودبار شهرستان,هاشاكلايه,6,22,12,10
قزوين,قزوين,رودبارالموت غربي,رودبار شهرستان,هير,243,726,382,344
قزوين,قزوين,رودبارالموت غربي,رودبار شهرستان,حسين آباد,4,11,4,7
قزوين,قزوين,رودبارالموت غربي,رودبار شهرستان,تاج دره,31,79,41,38
قزوين,قزوين,رودبارالموت غربي,رودبار شهرستان,چرشدره,55,146,82,64
قزوين,قزوين,رودبارالموت غربي,رودبار شهرستان,زردچال,27,86,48,38
قزوين,قزوين,رودبارالموت غربي,رودبار شهرستان,سوگاه,80,244,125,119
قزوين,قزوين,رودبارالموت غربي,رودبار شهرستان,شهرستان عليا,21,44,19,25
قزوين,قزوين,رودبارالموت غربي,رودبار شهرستان,كوشكدر,31,73,45,28
قزوين,قزوين,رودبارالموت غربي,رودبار شهرستان,کياکلايه عليا,4,10,6,4
قزوين,قزوين,رودبارالموت غربي,رودبار شهرستان,ميلك,63,185,97,88
قزوين,قزوين,رودبارالموت غربي,رودبار شهرستان,ورگيل,28,78,38,40
قزوين,قزوين,رودبارالموت غربي,رودبار شهرستان,شهرستان سفلي,157,489,267,222
قزوين,قزوين,رودبارالموت غربي,رودبار شهرستان,مزرعه کراسان,0,0,0,0
قزوين,قزوين,رودبارالموت غربي,رودبار شهرستان,پرچكوه,106,314,151,163
قزوين,قزوين,رودبارالموت غربي,رودبار شهرستان,تلاتر,105,301,154,147
قزوين,قزوين,رودبارالموت غربي,رودبار شهرستان,رشكين,100,323,160,163
قزوين,قزوين,رودبارالموت غربي,رودبار شهرستان,روح آباد,35,90,43,47
قزوين,قزوين,رودبارالموت غربي,رودبار شهرستان,زنبورخاني,0,0,0,0
قزوين,قزوين,رودبارالموت غربي,رودبار شهرستان,سفيدخاني,0,0,0,0
قزوين,قزوين,رودبارالموت غربي,رودبار شهرستان,سلك,0,0,0,0
قزوين,قزوين,رودبارالموت غربي,رودبار شهرستان,فشك,132,411,227,184
قزوين,قزوين,رودبارالموت غربي,رودبار شهرستان,قسطين ناحيه,48,129,65,64
قزوين,قزوين,رودبارالموت غربي,رودبار شهرستان,اکوجان قديم,112,331,178,153
قزوين,قزوين,رودبارالموت غربي,رودبار شهرستان,امامزاده هارون,15,41,23,18
قزوين,قزوين,رودبارالموت غربي,رودبار شهرستان,پررود,133,416,219,197
قزوين,قزوين,رودبارالموت غربي,رودبار شهرستان,دورچال,*         ,*         ,*         ,*         
قزوين,قزوين,رودبارالموت غربي,رودبار شهرستان,ده دوشاب,64,182,101,81
قزوين,قزوين,رودبارالموت غربي,رودبار شهرستان,مزرعه پته پشت,0,0,0,0
قزوين,قزوين,رودبارالموت غربي,رودبار شهرستان,مزرعه رکن آباد,*         ,*         ,*         ,*         
قزوين,قزوين,رودبارالموت غربي,رودبار شهرستان,اکوجان جديد,206,601,298,303
قزوين,قزوين,رودبارالموت غربي,رودبار شهرستان,انگور ازوج,39,99,55,44
قزوين,قزوين,رودبارالموت غربي,رودبار شهرستان,بهرام آباد,53,150,77,73
قزوين,قزوين,رودبارالموت غربي,رودبار شهرستان,جولاده,29,81,40,41
قزوين,قزوين,رودبارالموت غربي,رودبار شهرستان,دريابك,6,10,6,4
قزوين,قزوين,رودبارالموت غربي,رودبار شهرستان,راهدارخانه گديك,0,0,0,0
قزوين,قزوين,رودبارالموت غربي,رودبار شهرستان,زناسوج,12,43,25,18
قزوين,قزوين,رودبارالموت غربي,رودبار شهرستان,سالاركيا,47,139,73,66
قزوين,قزوين,رودبارالموت غربي,رودبار شهرستان,سپوهين,81,255,122,133
قزوين,قزوين,رودبارالموت غربي,رودبار شهرستان,علين,13,27,14,13
قزوين,قزوين,رودبارالموت غربي,رودبار شهرستان,فلار,67,163,84,79
قزوين,قزوين,رودبارالموت غربي,رودبار شهرستان,كامان,22,64,35,29
قزوين,قزوين,رودبارالموت غربي,رودبار شهرستان,موشقين,99,253,127,126
قزوين,قزوين,رودبارالموت غربي,رودبار شهرستان,ورتوان,130,359,187,172
قزوين,قزوين,رودبارالموت غربي,رودبار شهرستان,هلارود,39,94,45,49
قزوين,قزوين,رودبارالموت غربي,رودبار شهرستان,هندا,*         ,*         ,*         ,*         
قزوين,قزوين,رودبارالموت غربي,رودبار شهرستان,قهوه خانه قربانعلي خليلي,0,0,0,0
قزوين,قزوين,رودبارالموت غربي,رودبار شهرستان,زناسوج جديد,66,196,92,104
قزوين,قزوين,رودبارالموت غربي,رودبار شهرستان,مزرعه چلک,0,0,0,0
قزوين,قزوين,رودبارالموت غربي,رودبار محمدزماني,                                                                                                                                                                                                        ,"3,268","9,355","4,838","4,517"
قزوين,قزوين,رودبارالموت غربي,رودبار محمدزماني,ازگنين سفلي,59,129,66,63
قزوين,قزوين,رودبارالموت غربي,رودبار محمدزماني,ازگنين عليا,31,67,32,35
قزوين,قزوين,رودبارالموت غربي,رودبار محمدزماني,اويرك,68,192,91,101
قزوين,قزوين,رودبارالموت غربي,رودبار محمدزماني,سيمياردشت,16,36,20,16
قزوين,قزوين,رودبارالموت غربي,رودبار محمدزماني,علي آباد,93,284,145,139
قزوين,قزوين,رودبارالموت غربي,رودبار محمدزماني,وشته,89,198,86,112
قزوين,قزوين,رودبارالموت غربي,رودبار محمدزماني,هلال اباد,23,63,33,30
قزوين,قزوين,رودبارالموت غربي,رودبار محمدزماني,جوينك,116,401,216,185
قزوين,قزوين,رودبارالموت غربي,رودبار محمدزماني,عباسك,81,247,140,107
قزوين,قزوين,رودبارالموت غربي,رودبار محمدزماني,كلمين,87,263,133,130
قزوين,قزوين,رودبارالموت غربي,رودبار محمدزماني,كلايه,48,142,75,67
قزوين,قزوين,رودبارالموت غربي,رودبار محمدزماني,يارود,248,790,418,372
قزوين,قزوين,رودبارالموت غربي,رودبار محمدزماني,امين اباد,16,42,23,19
قزوين,قزوين,رودبارالموت غربي,رودبار محمدزماني,سفيد آب,91,291,150,141
قزوين,قزوين,رودبارالموت غربي,رودبار محمدزماني,سنبل اباد,61,172,88,84
قزوين,قزوين,رودبارالموت غربي,رودبار محمدزماني,شترك,38,87,45,42
قزوين,قزوين,رودبارالموت غربي,رودبار محمدزماني,صفرين,114,339,180,159
قزوين,قزوين,رودبارالموت غربي,رودبار محمدزماني,گرمك,45,159,79,80
قزوين,قزوين,رودبارالموت غربي,رودبار محمدزماني,بايزرود,*         ,*         ,*         ,*         
قزوين,قزوين,رودبارالموت غربي,رودبار محمدزماني,پراچان,40,109,60,49
قزوين,قزوين,رودبارالموت غربي,رودبار محمدزماني,خشكرود,0,0,0,0
قزوين,قزوين,رودبارالموت غربي,رودبار محمدزماني,دورچاك,149,381,186,195
قزوين,قزوين,رودبارالموت غربي,رودبار محمدزماني,كتكان,108,352,190,162
قزوين,قزوين,رودبارالموت غربي,رودبار محمدزماني,لطر,69,197,105,92
قزوين,قزوين,رودبارالموت غربي,رودبار محمدزماني,محمداباد,70,209,106,103
قزوين,قزوين,رودبارالموت غربي,رودبار محمدزماني,نودهك,0,0,0,0
قزوين,قزوين,رودبارالموت غربي,رودبار محمدزماني,يوج,102,293,151,142
قزوين,قزوين,رودبارالموت غربي,رودبار محمدزماني,باغستان,40,73,41,32
قزوين,قزوين,رودبارالموت غربي,رودبار محمدزماني,پرندلات,0,0,0,0
قزوين,قزوين,رودبارالموت غربي,رودبار محمدزماني,تنوره,112,326,169,157
قزوين,قزوين,رودبارالموت غربي,رودبار محمدزماني,خنجربلاغ,67,171,88,83
قزوين,قزوين,رودبارالموت غربي,رودبار محمدزماني,درك,23,41,20,21
قزوين,قزوين,رودبارالموت غربي,رودبار محمدزماني,زينبر,*         ,*         ,*         ,*         
قزوين,قزوين,رودبارالموت غربي,رودبار محمدزماني,سيميار,151,395,198,197
قزوين,قزوين,رودبارالموت غربي,رودبار محمدزماني,قسطين رود,70,183,93,90
قزوين,قزوين,رودبارالموت غربي,رودبار محمدزماني,قسطين لار,56,162,76,86
قزوين,قزوين,رودبارالموت غربي,رودبار محمدزماني,كارنده چال,92,240,131,109
قزوين,قزوين,رودبارالموت غربي,رودبار محمدزماني,کمال آباد,15,40,18,22
قزوين,قزوين,رودبارالموت غربي,رودبار محمدزماني,كوشكلات,0,0,0,0
قزوين,قزوين,رودبارالموت غربي,رودبار محمدزماني,ماركين,85,260,135,125
قزوين,قزوين,رودبارالموت غربي,رودبار محمدزماني,مرداباد,55,134,75,59
قزوين,قزوين,رودبارالموت غربي,رودبار محمدزماني,حسن آباد,152,423,217,206
قزوين,قزوين,رودبارالموت غربي,رودبار محمدزماني,رجائي دشت,215,756,397,359
قزوين,قزوين,رودبارالموت غربي,رودبار محمدزماني,بندر,0,0,0,0
قزوين,قزوين,رودبارالموت غربي,رودبار محمدزماني,خاك كرد,0,0,0,0
قزوين,قزوين,رودبارالموت غربي,رودبار محمدزماني,زرجاب,0,0,0,0
قزوين,قزوين,رودبارالموت غربي,رودبار محمدزماني,فانفين,58,153,86,67
قزوين,قزوين,رودبارالموت غربي,رودبار محمدزماني,كلين,40,102,57,45
قزوين,قزوين,رودبارالموت غربي,رودبار محمدزماني,هريان,74,216,111,105
قزوين,قزوين,رودبارالموت غربي,رودبار محمدزماني,هريف,97,231,104,127
قزوين,قزوين,رودبارالموت غربي,دستجرد,                                                                                                                                                                                                        ,965,"2,704","1,394","1,310"
قزوين,قزوين,رودبارالموت غربي,دستجرد,اربديان,37,105,57,48
قزوين,قزوين,رودبارالموت غربي,دستجرد,بلكان,64,163,89,74
قزوين,قزوين,رودبارالموت غربي,دستجرد,خسرود,105,312,155,157
قزوين,قزوين,رودبارالموت غربي,دستجرد,مزرعه دربند,0,0,0,0
قزوين,قزوين,رودبارالموت غربي,دستجرد,دستجرد سفلي,162,428,219,209
قزوين,قزوين,رودبارالموت غربي,دستجرد,كش رود,29,76,41,35
قزوين,قزوين,رودبارالموت غربي,دستجرد,لات,149,385,196,189
قزوين,قزوين,رودبارالموت غربي,دستجرد,انارك كماسر,0,0,0,0
قزوين,قزوين,رودبارالموت غربي,دستجرد,بازرگاه,12,37,17,20
قزوين,قزوين,رودبارالموت غربي,دستجرد,مزرعه پل انبوه,0,0,0,0
قزوين,قزوين,رودبارالموت غربي,دستجرد,تسكين,14,25,12,13
قزوين,قزوين,رودبارالموت غربي,دستجرد,توته چال,26,66,35,31
قزوين,قزوين,رودبارالموت غربي,دستجرد,جيردوزان,32,95,50,45
قزوين,قزوين,رودبارالموت غربي,دستجرد,چالين كنار,0,0,0,0
قزوين,قزوين,رودبارالموت غربي,دستجرد,چنگال دشت,27,71,37,34
قزوين,قزوين,رودبارالموت غربي,دستجرد,حليمك,0,0,0,0
قزوين,قزوين,رودبارالموت غربي,دستجرد,دربندکلاته,0,0,0,0
قزوين,قزوين,رودبارالموت غربي,دستجرد,طهمورث آباد,61,179,100,79
قزوين,قزوين,رودبارالموت غربي,دستجرد,طياندشت,35,105,48,57
قزوين,قزوين,رودبارالموت غربي,دستجرد,علندر,5,10,5,5
قزوين,قزوين,رودبارالموت غربي,دستجرد,كاكوهستان,88,313,160,153
قزوين,قزوين,رودبارالموت غربي,دستجرد,كله كوب,21,61,34,27
قزوين,قزوين,رودبارالموت غربي,دستجرد,كنگرين,34,76,39,37
قزوين,قزوين,رودبارالموت غربي,دستجرد,گريوه,0,0,0,0
قزوين,قزوين,رودبارالموت غربي,دستجرد,گشنه رود,64,197,100,97
قزوين,قزوين,رودبارالموت غربي,دستجرد,مزرعه عباس خاني,0,0,0,0
قزوين,قزوين,رودبارالموت غربي,رازميان,                                                                                                                                                                                                        ,405,"1,253",662,591
قزوين,قزوين,طارم سفلي,                                                                                                    ,                                                                                                                                                                                                        ,"8,376","25,160","13,074","12,086"
قزوين,قزوين,طارم سفلي,چوقور,                                                                                                                                                                                                        ,"1,177","3,547","1,851","1,696"
قزوين,قزوين,طارم سفلي,چوقور,دهنه,31,92,44,48
قزوين,قزوين,طارم سفلي,چوقور,اسماعيل آباد تازه كند,15,49,25,24
قزوين,قزوين,طارم سفلي,چوقور,بروج,15,39,23,16
قزوين,قزوين,طارم سفلي,چوقور,چمن امير آباد,61,169,84,85
قزوين,قزوين,طارم سفلي,چوقور,چيزه,30,87,51,36
قزوين,قزوين,طارم سفلي,چوقور,حصار,149,440,235,205
قزوين,قزوين,طارم سفلي,چوقور,سزنق,72,216,108,108
قزوين,قزوين,طارم سفلي,چوقور,كنگاور,17,45,26,19
قزوين,قزوين,طارم سفلي,چوقور,ماهين,124,340,176,164
قزوين,قزوين,طارم سفلي,چوقور,ييلاق چاي اوباسي,20,59,28,31
قزوين,قزوين,طارم سفلي,چوقور,مقانك,31,81,45,36
قزوين,قزوين,طارم سفلي,چوقور,يمقان,55,151,75,76
قزوين,قزوين,طارم سفلي,چوقور,ييلاق شاهوران اوباسي,0,0,0,0
قزوين,قزوين,طارم سفلي,چوقور,ييلاق قراخ اوباسي,*         ,*         ,*         ,*         
قزوين,قزوين,طارم سفلي,چوقور,اردك,101,366,200,166
قزوين,قزوين,طارم سفلي,چوقور,حسين آباد,72,222,123,99
قزوين,قزوين,طارم سفلي,چوقور,رزان,65,216,129,87
قزوين,قزوين,طارم سفلي,چوقور,زرند,86,250,117,133
قزوين,قزوين,طارم سفلي,چوقور,عباس آباد,108,355,170,185
قزوين,قزوين,طارم سفلي,چوقور,علي آباد,56,173,92,81
قزوين,قزوين,طارم سفلي,چوقور,قارخون,68,196,99,97
قزوين,قزوين,طارم سفلي,خندان,                                                                                                                                                                                                        ,"4,060","12,013","6,299","5,714"
قزوين,قزوين,طارم سفلي,خندان,ميرخواند سفلي,69,233,110,123
قزوين,قزوين,طارم سفلي,خندان,ميرخواند عليا,124,404,212,192
قزوين,قزوين,طارم سفلي,خندان,سياه پوش,261,754,405,349
قزوين,قزوين,طارم سفلي,خندان,اوركن كرد,585,"1,787",934,853
قزوين,قزوين,طارم سفلي,خندان,امامزاده يحيي,0,0,0,0
قزوين,قزوين,طارم سفلي,خندان,اوركن ترك,63,202,112,90
قزوين,قزوين,طارم سفلي,خندان,بغل دوز عليا,30,90,46,44
قزوين,قزوين,طارم سفلي,خندان,پلنگه,67,213,120,93
قزوين,قزوين,طارم سفلي,خندان,دربند,*         ,*         ,*         ,*         
قزوين,قزوين,طارم سفلي,خندان,سمنگاه,16,33,20,13
قزوين,قزوين,طارم سفلي,خندان,سنگان سفلي,83,236,123,113
قزوين,قزوين,طارم سفلي,خندان,سنگان عليا,73,217,110,107
قزوين,قزوين,طارم سفلي,خندان,قلالو,70,203,109,94
قزوين,قزوين,طارم سفلي,خندان,كمررود,32,99,61,38
قزوين,قزوين,طارم سفلي,خندان,محمدده,81,302,160,142
قزوين,قزوين,طارم سفلي,خندان,مصطفي لو,49,145,79,66
قزوين,قزوين,طارم سفلي,خندان,حسنخاني,42,132,73,59
قزوين,قزوين,طارم سفلي,خندان,دولجک خان محمد آباد,117,366,203,163
قزوين,قزوين,طارم سفلي,خندان,ييلاق ساختمان,22,60,34,26
قزوين,قزوين,طارم سفلي,خندان,قوشچي,162,485,262,223
قزوين,قزوين,طارم سفلي,خندان,گورخانه,61,198,104,94
قزوين,قزوين,طارم سفلي,خندان,مرتضي نك,122,374,192,182
قزوين,قزوين,طارم سفلي,خندان,نصيراباد,33,90,45,45
قزوين,قزوين,طارم سفلي,خندان,كلج,572,"1,624",848,776
قزوين,قزوين,طارم سفلي,خندان,بهرام آباد,24,65,38,27
قزوين,قزوين,طارم سفلي,خندان,وخمان جودکي,55,168,84,84
قزوين,قزوين,طارم سفلي,خندان,چاي اوباسي,6,19,9,10
قزوين,قزوين,طارم سفلي,خندان,شاه وران,43,129,65,64
قزوين,قزوين,طارم سفلي,خندان,چلمبه,30,91,45,46
قزوين,قزوين,طارم سفلي,خندان,قره چم,39,115,58,57
قزوين,قزوين,طارم سفلي,خندان,قزل عقيل,0,0,0,0
قزوين,قزوين,طارم سفلي,خندان,قمشك,0,0,0,0
قزوين,قزوين,طارم سفلي,خندان,قيطول,33,94,41,53
قزوين,قزوين,طارم سفلي,خندان,كشكور,88,269,139,130
قزوين,قزوين,طارم سفلي,خندان,نمكين,29,76,41,35
قزوين,قزوين,طارم سفلي,خندان,هندي زمين,66,192,105,87
قزوين,قزوين,طارم سفلي,خندان,آلتين کش,411,"1,213",634,579
قزوين,قزوين,طارم سفلي,خندان,عمقين,117,300,151,149
قزوين,قزوين,طارم سفلي,خندان,بابا,23,46,28,18
قزوين,قزوين,طارم سفلي,خندان,چوبه,63,195,104,91
قزوين,قزوين,طارم سفلي,خندان,ديزجين,36,82,37,45
قزوين,قزوين,طارم سفلي,خندان,شيزر,133,362,187,175
قزوين,قزوين,طارم سفلي,خندان,عمند,47,118,60,58
قزوين,قزوين,طارم سفلي,خندان,ييلاق گيلي جار,25,77,35,42
قزوين,قزوين,طارم سفلي,خندان,ميمونك,12,34,20,14
قزوين,قزوين,طارم سفلي,خندان,نهران,43,111,53,58
قزوين,قزوين,طارم سفلي,خندان,ييلاق جنگل شاهوران شامدشت,0,0,0,0
قزوين,قزوين,طارم سفلي,خندان,ييلاق كارخانه,0,0,0,0
قزوين,قزوين,طارم سفلي,كوهگير,                                                                                                                                                                                                        ,"1,385","4,547","2,291","2,256"
قزوين,قزوين,طارم سفلي,كوهگير,طرازان سفلي,83,276,124,152
قزوين,قزوين,طارم سفلي,كوهگير,طوينان,100,324,157,167
قزوين,قزوين,طارم سفلي,كوهگير,حمام دره,0,0,0,0
قزوين,قزوين,طارم سفلي,كوهگير,زرين خاني - زرين آباد,44,141,72,69
قزوين,قزوين,طارم سفلي,كوهگير,قلعه,43,126,59,67
قزوين,قزوين,طارم سفلي,كوهگير,اسبك,23,70,37,33
قزوين,قزوين,طارم سفلي,كوهگير,پجويه,19,72,43,29
قزوين,قزوين,طارم سفلي,كوهگير,حسنخاني,33,98,46,52
قزوين,قزوين,طارم سفلي,كوهگير,طرازان عليا,35,92,41,51
قزوين,قزوين,طارم سفلي,كوهگير,قره دولو,16,54,27,27
قزوين,قزوين,طارم سفلي,كوهگير,قشلاق شالق زمين,15,48,25,23
قزوين,قزوين,طارم سفلي,كوهگير,کوهگير سفلي,256,895,420,475
قزوين,قزوين,طارم سفلي,كوهگير,كوهگير عليا,68,225,121,104
قزوين,قزوين,طارم سفلي,كوهگير,ملاعلي,45,127,69,58
قزوين,قزوين,طارم سفلي,كوهگير,قمشک جعفر آباد,0,0,0,0
قزوين,قزوين,طارم سفلي,كوهگير,گنجه خانه,0,0,0,0
قزوين,قزوين,طارم سفلي,كوهگير,معدن سنگ کلنگ کوه,0,0,0,0
قزوين,قزوين,طارم سفلي,كوهگير,ارقلي,0,0,0,0
قزوين,قزوين,طارم سفلي,كوهگير,ييلاق اصطلک,0,0,0,0
قزوين,قزوين,طارم سفلي,كوهگير,ييلاق بادچشمه,0,0,0,0
قزوين,قزوين,طارم سفلي,كوهگير,شيرين سو و بن زهره,168,511,245,266
قزوين,قزوين,طارم سفلي,كوهگير,ييلاق چاي زمين,17,54,29,25
قزوين,قزوين,طارم سفلي,كوهگير,رودبر,8,26,16,10
قزوين,قزوين,طارم سفلي,كوهگير,زاجكان سفلي,53,192,111,81
قزوين,قزوين,طارم سفلي,كوهگير,زاجكان عليا,52,159,82,77
قزوين,قزوين,طارم سفلي,كوهگير,سماق,67,251,137,114
قزوين,قزوين,طارم سفلي,كوهگير,ييلاق شاخاني,0,0,0,0
قزوين,قزوين,طارم سفلي,كوهگير,شيخلر,48,135,75,60
قزوين,قزوين,طارم سفلي,كوهگير,ييلاق كهريز,0,0,0,0
قزوين,قزوين,طارم سفلي,كوهگير,يوزباشي چاي,192,671,355,316
قزوين,قزوين,طارم سفلي,كوهگير,مزرعه ييلاق زاجکان,0,0,0,0
قزوين,قزوين,طارم سفلي,كوهگير,چنوند,0,0,0,0
قزوين,قزوين,طارم سفلي,كوهگير,کوسه,0,0,0,0
قزوين,قزوين,طارم سفلي,نيارك,                                                                                                                                                                                                        ,"1,454","4,248","2,215","2,033"
قزوين,قزوين,طارم سفلي,نيارك,فيله ورين,42,138,79,59
قزوين,قزوين,طارم سفلي,نيارك,بهگانه رود,41,133,70,63
قزوين,قزوين,طارم سفلي,نيارك,غنچه خوران,40,108,59,49
قزوين,قزوين,طارم سفلي,نيارك,خنگه,8,30,15,15
قزوين,قزوين,طارم سفلي,نيارك,گونج,99,288,160,128
قزوين,قزوين,طارم سفلي,نيارك,ماجار,19,67,38,29
قزوين,قزوين,طارم سفلي,نيارك,نجف آباد,101,305,147,158
قزوين,قزوين,طارم سفلي,نيارك,چاوان,0,0,0,0
قزوين,قزوين,طارم سفلي,نيارك,ايل چوپان,5,16,8,8
قزوين,قزوين,طارم سفلي,نيارك,ييلاق داش خرمن,0,0,0,0
قزوين,قزوين,طارم سفلي,نيارك,زه اباد,58,241,168,73
قزوين,قزوين,طارم سفلي,نيارك,سورشان,19,55,28,27
قزوين,قزوين,طارم سفلي,نيارك,کمال آباد,0,0,0,0
قزوين,قزوين,طارم سفلي,نيارك,ونگين,140,436,219,217
قزوين,قزوين,طارم سفلي,نيارك,ازناب بالا,0,0,0,0
قزوين,قزوين,طارم سفلي,نيارك,نيارك,660,"1,860",931,929
قزوين,قزوين,طارم سفلي,نيارك,گوربلاغ,0,0,0,0
قزوين,قزوين,طارم سفلي,نيارك,اقجه قشلاق,63,132,68,64
قزوين,قزوين,طارم سفلي,نيارك,بورمانك,27,73,39,34
قزوين,قزوين,طارم سفلي,نيارك,چربين,15,40,21,19
قزوين,قزوين,طارم سفلي,نيارك,خاكينه بالا,89,241,124,117
قزوين,قزوين,طارم سفلي,نيارك,خاكينه پائين,28,85,41,44
قزوين,قزوين,طارم سفلي,سيردان,                                                                                                                                                                                                        ,300,805,418,387
قزوين,قزوين,مركزئ,                                                                                                    ,                                                                                                                                                                                                        ,"161,532","517,952","263,026","254,926"
قزوين,قزوين,مركزئ,اقبال شرقي,                                                                                                                                                                                                        ,"3,298","10,360","5,284","5,076"
قزوين,قزوين,مركزئ,اقبال شرقي,دستجرد عليا,108,281,130,151
قزوين,قزوين,مركزئ,اقبال شرقي,راهدارخانه قسطين لار,0,0,0,0
قزوين,قزوين,مركزئ,اقبال شرقي,رستوران بابا شفيع,0,0,0,0
قزوين,قزوين,مركزئ,اقبال شرقي,امامزاده اباذر,53,184,100,84
قزوين,قزوين,مركزئ,اقبال شرقي,رزجرد,586,"1,757",870,887
قزوين,قزوين,مركزئ,اقبال شرقي,آشنستان,329,"1,068",544,524
قزوين,قزوين,مركزئ,اقبال شرقي,رشتقون,541,"1,608",818,790
قزوين,قزوين,مركزئ,اقبال شرقي,عبدل آباد,168,486,237,249
قزوين,قزوين,مركزئ,اقبال شرقي,ميان بر,126,399,196,203
قزوين,قزوين,مركزئ,اقبال شرقي,مزرعه ميان چال,0,0,0,0
قزوين,قزوين,مركزئ,اقبال شرقي,شينقر,558,"1,823",951,872
قزوين,قزوين,مركزئ,اقبال شرقي,كورانه,507,"1,709",867,842
قزوين,قزوين,مركزئ,اقبال شرقي,حميد آباد,287,932,511,421
قزوين,قزوين,مركزئ,اقبال شرقي,مزرعه عشركار,0,0,0,0
قزوين,قزوين,مركزئ,اقبال شرقي,ارنجك,35,113,60,53
قزوين,قزوين,مركزئ,اقبال غربي,                                                                                                                                                                                                        ,"8,465","27,796","14,346","13,450"
قزوين,قزوين,مركزئ,اقبال غربي,پشام,0,0,0,0
قزوين,قزوين,مركزئ,اقبال غربي,سردخاني,0,0,0,0
قزوين,قزوين,مركزئ,اقبال غربي,قلمبه سر,*         ,*         ,*         ,*         
قزوين,قزوين,مركزئ,اقبال غربي,شفيع اباد,119,338,172,166
قزوين,قزوين,مركزئ,اقبال غربي,سوته كش,30,80,45,35
قزوين,قزوين,مركزئ,اقبال غربي,كش ابادعليا,87,229,122,107
قزوين,قزوين,مركزئ,اقبال غربي,الولك,259,702,349,353
قزوين,قزوين,مركزئ,اقبال غربي,خراس,0,0,0,0
قزوين,قزوين,مركزئ,اقبال غربي,زرشك,26,74,39,35
قزوين,قزوين,مركزئ,اقبال غربي,ميزوج,56,135,75,60
قزوين,قزوين,مركزئ,اقبال غربي,كش ابادسفلي,17,34,16,18
قزوين,قزوين,مركزئ,اقبال غربي,شفيع اباد,109,363,187,176
قزوين,قزوين,مركزئ,اقبال غربي,غلام اباد,0,0,0,0
قزوين,قزوين,مركزئ,اقبال غربي,مزرعه حاج ميرصادقي,0,0,0,0
قزوين,قزوين,مركزئ,اقبال غربي,مزرعه کرمي(حاج فتحعلي),*         ,*         ,*         ,*         
قزوين,قزوين,مركزئ,اقبال غربي,قبله,*         ,*         ,*         ,*         
قزوين,قزوين,مركزئ,اقبال غربي,کشت وصنعت ايران,4,13,9,4
قزوين,قزوين,مركزئ,اقبال غربي,اجربند,73,240,121,119
قزوين,قزوين,مركزئ,اقبال غربي,فارسيان,"1,002","3,473","1,814","1,659"
قزوين,قزوين,مركزئ,اقبال غربي,مجتمع کارخانجات صنعتي ليا,20,63,35,28
قزوين,قزوين,مركزئ,اقبال غربي,شهرک صنعتي ليا,12,39,20,19
قزوين,قزوين,مركزئ,اقبال غربي,مزرعه نکوييان,0,0,0,0
قزوين,قزوين,مركزئ,اقبال غربي,مزرعه ترلان,0,0,0,0
قزوين,قزوين,مركزئ,اقبال غربي,قديم اباد,433,"1,469",750,719
قزوين,قزوين,مركزئ,اقبال غربي,جنت اباد,77,236,125,111
قزوين,قزوين,مركزئ,اقبال غربي,مزرعه جمال آباد(سبزي سراي بهشت),*         ,*         ,*         ,*         
قزوين,قزوين,مركزئ,اقبال غربي,مزرعه اسماعيل اباد,*         ,*         ,*         ,*         
قزوين,قزوين,مركزئ,اقبال غربي,مزرعه كتيرائي,*         ,*         ,*         ,*         
قزوين,قزوين,مركزئ,اقبال غربي,مزرعه پرسه اي,0,0,0,0
قزوين,قزوين,مركزئ,اقبال غربي,مزرعه عليرضايي,0,0,0,0
قزوين,قزوين,مركزئ,اقبال غربي,شهرك دانش,0,0,0,0
قزوين,قزوين,مركزئ,اقبال غربي,مهدي ابادبزرگ,445,"1,494",791,703
قزوين,قزوين,مركزئ,اقبال غربي,شيداصفهان,978,"3,252","1,709","1,543"
قزوين,قزوين,مركزئ,اقبال غربي,هادي اباد,188,648,333,315
قزوين,قزوين,مركزئ,اقبال غربي,نظام اباد,"1,180","3,857","1,992","1,865"
قزوين,قزوين,مركزئ,اقبال غربي,باراجين,33,155,102,53
قزوين,قزوين,مركزئ,اقبال غربي,تراتن,33,97,51,46
قزوين,قزوين,مركزئ,اقبال غربي,نجم اباد,203,674,345,329
قزوين,قزوين,مركزئ,اقبال غربي,نياق,87,246,108,138
قزوين,قزوين,مركزئ,اقبال غربي,مزرعه بهنام فر,0,0,0,0
قزوين,قزوين,مركزئ,اقبال غربي,ميانچال,10,35,16,19
قزوين,قزوين,مركزئ,اقبال غربي,اردبيلك,249,720,365,355
قزوين,قزوين,مركزئ,اقبال غربي,شاه قدم,0,0,0,0
قزوين,قزوين,مركزئ,اقبال غربي,گاوچال,0,0,0,0
قزوين,قزوين,مركزئ,اقبال غربي,گرده سنگ,0,0,0,0
قزوين,قزوين,مركزئ,اقبال غربي,گرگين,81,250,124,126
قزوين,قزوين,مركزئ,اقبال غربي,سفيده كش,44,138,65,73
قزوين,قزوين,مركزئ,اقبال غربي,اروس اباد,211,742,383,359
قزوين,قزوين,مركزئ,اقبال غربي,بادمجين,32,69,37,32
قزوين,قزوين,مركزئ,اقبال غربي,گوگيربند,57,174,84,90
قزوين,قزوين,مركزئ,اقبال غربي,بوزلين,49,135,76,59
قزوين,قزوين,مركزئ,اقبال غربي,ككجين,69,197,100,97
قزوين,قزوين,مركزئ,اقبال غربي,مالار,0,0,0,0
قزوين,قزوين,مركزئ,اقبال غربي,امام ضامن,*         ,*         ,*         ,*         
قزوين,قزوين,مركزئ,اقبال غربي,اوزون دره,111,318,172,146
قزوين,قزوين,مركزئ,اقبال غربي,زويار,271,888,466,422
قزوين,قزوين,مركزئ,اقبال غربي,نادراباد,*         ,*         ,*         ,*         
قزوين,قزوين,مركزئ,اقبال غربي,مزرعه زواره,0,0,0,0
قزوين,قزوين,مركزئ,اقبال غربي,مزرعه تخم طلائي,0,0,0,0
قزوين,قزوين,مركزئ,اقبال غربي,مشكين اباد,126,430,224,206
قزوين,قزوين,مركزئ,اقبال غربي,همت اباد,230,748,410,338
قزوين,قزوين,مركزئ,اقبال غربي,زاكان,114,387,199,188
قزوين,قزوين,مركزئ,اقبال غربي,چاريس,219,770,391,379
قزوين,قزوين,مركزئ,اقبال غربي,خرمن سوخته,539,"1,944",949,995
قزوين,قزوين,مركزئ,اقبال غربي,محمودابادعلم خاني,493,"1,635",815,820
قزوين,قزوين,مركزئ,اقبال غربي,مزرعه کلهر,0,0,0,0
قزوين,قزوين,مركزئ,اقبال غربي,كلهر,0,0,0,0
قزوين,قزوين,مركزئ,اقبال غربي,اک اقبال,78,276,144,132
قزوين,قزوين,مركزئ,قزوين,                                                                                                                                                                                                        ,"127,154","402,748","203,702","199,046"
قزوين,قزوين,مركزئ,اقباليه,                                                                                                                                                                                                        ,"16,154","55,066","28,441","26,625"
قزوين,قزوين,مركزئ,قزوين 1,                                                                                                                                                                                                        ,"32,727","104,549","54,570","49,979"
قزوين,قزوين,مركزئ,قزوين 2,                                                                                                                                                                                                        ,"25,808","78,950","38,880","40,070"
قزوين,قزوين,مركزئ,محمودآبادنمونه,                                                                                                                                                                                                        ,"6,461","21,982","11,253","10,729"
قزوين,قزوين,مركزئ,قزوين 3,                                                                                                                                                                                                        ,"31,374","97,936","48,935","49,001"
قزوين,قزوين,مركزئ,قزوين 4,                                                                                                                                                                                                        ,"37,245","121,313","61,317","59,996"
قزوين,قزوين,كوهين,                                                                                                    ,                                                                                                                                                                                                        ,"6,146","19,222","10,036","9,186"
قزوين,قزوين,كوهين,ايلات قاقازان شرقي,                                                                                                                                                                                                        ,"3,231","10,650","5,504","5,146"
قزوين,قزوين,كوهين,ايلات قاقازان شرقي,اب انبار,0,0,0,0
قزوين,قزوين,كوهين,ايلات قاقازان شرقي,اميراباد,59,188,111,77
قزوين,قزوين,كوهين,ايلات قاقازان شرقي,اوه چاك,17,42,24,18
قزوين,قزوين,كوهين,ايلات قاقازان شرقي,بابين سفلي,19,60,33,27
قزوين,قزوين,كوهين,ايلات قاقازان شرقي,چشمه غلامعلي,97,299,152,147
قزوين,قزوين,كوهين,ايلات قاقازان شرقي,حاجي اباد,25,78,49,29
قزوين,قزوين,كوهين,ايلات قاقازان شرقي,خرقان بالا,0,0,0,0
قزوين,قزوين,كوهين,ايلات قاقازان شرقي,خرقان پايين,23,47,26,21
قزوين,قزوين,كوهين,ايلات قاقازان شرقي,خشكنات بالا,25,74,40,34
قزوين,قزوين,كوهين,ايلات قاقازان شرقي,خشكنات پائين,0,0,0,0
قزوين,قزوين,كوهين,ايلات قاقازان شرقي,دينك,44,138,69,69
قزوين,قزوين,كوهين,ايلات قاقازان شرقي,ريحان بالا,0,0,0,0
قزوين,قزوين,كوهين,ايلات قاقازان شرقي,ريحان پايين,0,0,0,0
قزوين,قزوين,كوهين,ايلات قاقازان شرقي,ريحان وسطي,0,0,0,0
قزوين,قزوين,كوهين,ايلات قاقازان شرقي,زيتک قشلاق,29,90,47,43
قزوين,قزوين,كوهين,ايلات قاقازان شرقي,ساربانك,77,234,127,107
قزوين,قزوين,كوهين,ايلات قاقازان شرقي,فطر,80,227,125,102
قزوين,قزوين,كوهين,ايلات قاقازان شرقي,ككجين دره,23,48,25,23
قزوين,قزوين,كوهين,ايلات قاقازان شرقي,كردانده,52,148,73,75
قزوين,قزوين,كوهين,ايلات قاقازان شرقي,معلم خاني بالا,28,61,31,30
قزوين,قزوين,كوهين,ايلات قاقازان شرقي,معلم خاني پائين,0,0,0,0
قزوين,قزوين,كوهين,ايلات قاقازان شرقي,ميانج,80,207,113,94
قزوين,قزوين,كوهين,ايلات قاقازان شرقي,نارنده,43,117,65,52
قزوين,قزوين,كوهين,ايلات قاقازان شرقي,اقابابا,673,"2,343","1,220","1,123"
قزوين,قزوين,كوهين,ايلات قاقازان شرقي,دوده تاج,0,0,0,0
قزوين,قزوين,كوهين,ايلات قاقازان شرقي,كيخنان,63,225,113,112
قزوين,قزوين,كوهين,ايلات قاقازان شرقي,حسين اباد,265,900,448,452
قزوين,قزوين,كوهين,ايلات قاقازان شرقي,رامشان,99,373,173,200
قزوين,قزوين,كوهين,ايلات قاقازان شرقي,ارشت,271,911,470,441
قزوين,قزوين,كوهين,ايلات قاقازان شرقي,شنازند,175,589,295,294
قزوين,قزوين,كوهين,ايلات قاقازان شرقي,احمداباداوفان,34,112,58,54
قزوين,قزوين,كوهين,ايلات قاقازان شرقي,بشر,210,700,333,367
قزوين,قزوين,كوهين,ايلات قاقازان شرقي,سنجانك,178,607,306,301
قزوين,قزوين,كوهين,ايلات قاقازان شرقي,بويينك,309,"1,067",570,497
قزوين,قزوين,كوهين,ايلات قاقازان شرقي,ته لجين سفلي,0,0,0,0
قزوين,قزوين,كوهين,ايلات قاقازان شرقي,دره قوطي,0,0,0,0
قزوين,قزوين,كوهين,ايلات قاقازان شرقي,سلطان اباد,61,188,100,88
قزوين,قزوين,كوهين,ايلات قاقازان شرقي,كوشكك,120,406,216,190
قزوين,قزوين,كوهين,ايلات قاقازان شرقي,مرتضي اباد,16,51,27,24
قزوين,قزوين,كوهين,ايلات قاقازان شرقي,ياكندعلي اباد,0,0,0,0
قزوين,قزوين,كوهين,ايلات قاقازان شرقي,بوچينك جديد,36,120,65,55
قزوين,قزوين,كوهين,ايلات قاقازان غربي,                                                                                                                                                                                                        ,"2,497","7,161","3,786","3,375"
قزوين,قزوين,كوهين,ايلات قاقازان غربي,اسدي,31,94,51,43
قزوين,قزوين,كوهين,ايلات قاقازان غربي,اسفستان,63,170,82,88
قزوين,قزوين,كوهين,ايلات قاقازان غربي,بهرام ابادقاقازان,160,537,275,262
قزوين,قزوين,كوهين,ايلات قاقازان غربي,جم جرد,124,377,195,182
قزوين,قزوين,كوهين,ايلات قاقازان غربي,فتين اباد,0,0,0,0
قزوين,قزوين,كوهين,ايلات قاقازان غربي,کبريت لو,0,0,0,0
قزوين,قزوين,كوهين,ايلات قاقازان غربي,يل اباد,142,390,207,183
قزوين,قزوين,كوهين,ايلات قاقازان غربي,اسلام آباد,11,27,14,13
قزوين,قزوين,كوهين,ايلات قاقازان غربي,اسدابادخورين,66,203,101,102
قزوين,قزوين,كوهين,ايلات قاقازان غربي,دودهه,11,29,16,13
قزوين,قزوين,كوهين,ايلات قاقازان غربي,دوده چاي,173,573,291,282
قزوين,قزوين,كوهين,ايلات قاقازان غربي,گزنه,52,157,81,76
قزوين,قزوين,كوهين,ايلات قاقازان غربي,سردشت بالا,0,0,0,0
قزوين,قزوين,كوهين,ايلات قاقازان غربي,استين درپايين,71,206,113,93
قزوين,قزوين,كوهين,ايلات قاقازان غربي,استين دربالا,44,124,65,59
قزوين,قزوين,كوهين,ايلات قاقازان غربي,اسماعيل اباد,42,86,54,32
قزوين,قزوين,كوهين,ايلات قاقازان غربي,آستين برك پايين,0,0,0,0
قزوين,قزوين,كوهين,ايلات قاقازان غربي,اق دوز,15,30,19,11
قزوين,قزوين,كوهين,ايلات قاقازان غربي,اوج تپه,37,95,57,38
قزوين,قزوين,كوهين,ايلات قاقازان غربي,بابرسفلي,33,70,32,38
قزوين,قزوين,كوهين,ايلات قاقازان غربي,بابرعليا,0,0,0,0
قزوين,قزوين,كوهين,ايلات قاقازان غربي,بنگه,0,0,0,0
قزوين,قزوين,كوهين,ايلات قاقازان غربي,تلخان دره پايين,*         ,*         ,*         ,*         
قزوين,قزوين,كوهين,ايلات قاقازان غربي,تلخان دره بالا,9,27,12,15
قزوين,قزوين,كوهين,ايلات قاقازان غربي,جاي ذكي,37,110,55,55
قزوين,قزوين,كوهين,ايلات قاقازان غربي,چاليچال,0,0,0,0
قزوين,قزوين,كوهين,ايلات قاقازان غربي,چشمه دراز,0,0,0,0
قزوين,قزوين,كوهين,ايلات قاقازان غربي,چشمه كره,19,56,31,25
قزوين,قزوين,كوهين,ايلات قاقازان غربي,چنارستان,0,0,0,0
قزوين,قزوين,كوهين,ايلات قاقازان غربي,چوبدر,47,101,47,54
قزوين,قزوين,كوهين,ايلات قاقازان غربي,چوره سفلي,0,0,0,0
قزوين,قزوين,كوهين,ايلات قاقازان غربي,چوره عليا,6,9,5,4
قزوين,قزوين,كوهين,ايلات قاقازان غربي,حصار,0,0,0,0
قزوين,قزوين,كوهين,ايلات قاقازان غربي,حصاراسلام بيگي,0,0,0,0
قزوين,قزوين,كوهين,ايلات قاقازان غربي,حصارولي اباد,0,0,0,0
قزوين,قزوين,كوهين,ايلات قاقازان غربي,خرزان,60,173,86,87
قزوين,قزوين,كوهين,ايلات قاقازان غربي,خرمده,0,0,0,0
قزوين,قزوين,كوهين,ايلات قاقازان غربي,آزادخان,0,0,0,0
قزوين,قزوين,كوهين,ايلات قاقازان غربي,دره آزاد خان بالا,0,0,0,0
قزوين,قزوين,كوهين,ايلات قاقازان غربي,دره ولي ابادسفلي,0,0,0,0
قزوين,قزوين,كوهين,ايلات قاقازان غربي,دره صفر,0,0,0,0
قزوين,قزوين,كوهين,ايلات قاقازان غربي,دره ازداد علي قلي,0,0,0,0
قزوين,قزوين,كوهين,ايلات قاقازان غربي,دره كهريز,0,0,0,0
قزوين,قزوين,كوهين,ايلات قاقازان غربي,دره گنجعلي,24,68,36,32
قزوين,قزوين,كوهين,ايلات قاقازان غربي,شاه بلاغي,0,0,0,0
قزوين,قزوين,كوهين,ايلات قاقازان غربي,شادتپه,47,77,45,32
قزوين,قزوين,كوهين,ايلات قاقازان غربي,مزرعه شش دانگه,0,0,0,0
قزوين,قزوين,كوهين,ايلات قاقازان غربي,طزركش,87,269,137,132
قزوين,قزوين,كوهين,ايلات قاقازان غربي,قانشاربلاغ,13,35,17,18
قزوين,قزوين,كوهين,ايلات قاقازان غربي,قپانچاي,0,0,0,0
قزوين,قزوين,كوهين,ايلات قاقازان غربي,كاوان,4,8,5,3
قزوين,قزوين,كوهين,ايلات قاقازان غربي,كربلائي والي,0,0,0,0
قزوين,قزوين,كوهين,ايلات قاقازان غربي,كرملي قشلاق,0,0,0,0
قزوين,قزوين,كوهين,ايلات قاقازان غربي,كوربلاغ,0,0,0,0
قزوين,قزوين,كوهين,ايلات قاقازان غربي,گردكان,0,0,0,0
قزوين,قزوين,كوهين,ايلات قاقازان غربي,گزگين,4,8,3,5
قزوين,قزوين,كوهين,ايلات قاقازان غربي,گل دره,41,88,51,37
قزوين,قزوين,كوهين,ايلات قاقازان غربي,گل زرد,7,27,16,11
قزوين,قزوين,كوهين,ايلات قاقازان غربي,گنداب,0,0,0,0
قزوين,قزوين,كوهين,ايلات قاقازان غربي,گوي دره,7,27,14,13
قزوين,قزوين,كوهين,ايلات قاقازان غربي,محمودابادخرزان,5,17,9,8
قزوين,قزوين,كوهين,ايلات قاقازان غربي,مزرعه محمودي,53,167,102,65
قزوين,قزوين,كوهين,ايلات قاقازان غربي,كرملي,0,0,0,0
قزوين,قزوين,كوهين,ايلات قاقازان غربي,وندر,11,30,17,13
قزوين,قزوين,كوهين,ايلات قاقازان غربي,يله گنبد,88,208,108,100
قزوين,قزوين,كوهين,ايلات قاقازان غربي,طاوه دشت,0,0,0,0
قزوين,قزوين,كوهين,ايلات قاقازان غربي,دره علي كرم,0,0,0,0
قزوين,قزوين,كوهين,ايلات قاقازان غربي,استين دروسطي,47,150,89,61
قزوين,قزوين,كوهين,ايلات قاقازان غربي,هفت چشمه,0,0,0,0
قزوين,قزوين,كوهين,ايلات قاقازان غربي,استين برک بالا,0,0,0,0
قزوين,قزوين,كوهين,ايلات قاقازان غربي,بك كندي,242,714,378,336
قزوين,قزوين,كوهين,ايلات قاقازان غربي,اصطلك,50,145,83,62
قزوين,قزوين,كوهين,ايلات قاقازان غربي,الوندي,54,167,87,80
قزوين,قزوين,كوهين,ايلات قاقازان غربي,انجلين سفلي,0,0,0,0
قزوين,قزوين,كوهين,ايلات قاقازان غربي,ييلاق ناصري بالا,0,0,0,0
قزوين,قزوين,كوهين,ايلات قاقازان غربي,انجلين وسطي,0,0,0,0
قزوين,قزوين,كوهين,ايلات قاقازان غربي,برگيله,0,0,0,0
قزوين,قزوين,كوهين,ايلات قاقازان غربي,بك باغي,56,147,79,68
قزوين,قزوين,كوهين,ايلات قاقازان غربي,پلنگه وچنس,0,0,0,0
قزوين,قزوين,كوهين,ايلات قاقازان غربي,چلك ناصري اعلايي,12,36,18,18
قزوين,قزوين,كوهين,ايلات قاقازان غربي,حسام اباد,96,267,145,122
قزوين,قزوين,كوهين,ايلات قاقازان غربي,داشيورد,21,70,38,32
قزوين,قزوين,كوهين,ايلات قاقازان غربي,رمضان يورد,47,147,81,66
قزوين,قزوين,كوهين,ايلات قاقازان غربي,سوخته چنار,44,109,59,50
قزوين,قزوين,كوهين,ايلات قاقازان غربي,سوري,29,86,45,41
قزوين,قزوين,كوهين,ايلات قاقازان غربي,قدرت اباد,0,0,0,0
قزوين,قزوين,كوهين,ايلات قاقازان غربي,قزل دره,47,140,72,68
قزوين,قزوين,كوهين,ايلات قاقازان غربي,گابري,23,66,33,33
قزوين,قزوين,كوهين,ايلات قاقازان غربي,گوراندشت بالا,17,37,16,21
قزوين,قزوين,كوهين,ايلات قاقازان غربي,گوراندشت پائين,35,107,60,47
قزوين,قزوين,كوهين,ايلات قاقازان غربي,گون بان,0,0,0,0
قزوين,قزوين,كوهين,ايلات قاقازان غربي,مزرعه خورمعين,0,0,0,0
قزوين,قزوين,كوهين,ايلات قاقازان غربي,ناصري,*         ,*         ,*         ,*         
قزوين,قزوين,كوهين,ايلات قاقازان غربي,ييلاق فتح علي,0,0,0,0
قزوين,قزوين,كوهين,ايلات قاقازان غربي,ييلاق ناصري اعلايي,6,23,13,10
قزوين,قزوين,كوهين,ايلات قاقازان غربي,سقرچين,0,0,0,0
قزوين,قزوين,كوهين,ايلات قاقازان غربي,مزرعه اسبوين,0,0,0,0
قزوين,قزوين,كوهين,ايلات قاقازان غربي,نوروزاباد,23,66,35,31
قزوين,قزوين,كوهين,كوهين,                                                                                                                                                                                                        ,418,"1,411",746,665
قزوين,آبيك,                                                                                                    ,                                                                                                    ,                                                                                                                                                                                                        ,"29,234","94,536","49,129","45,407"
قزوين,آبيك,بشاريات,                                                                                                    ,                                                                                                                                                                                                        ,"5,136","16,379","8,622","7,757"
قزوين,آبيك,بشاريات,بشاريات شرقي,                                                                                                                                                                                                        ,"1,830","5,682","2,972","2,710"
قزوين,آبيك,بشاريات,بشاريات شرقي,زرگر,187,588,293,295
قزوين,آبيك,بشاريات,بشاريات شرقي,الاداغلو,*         ,*         ,*         ,*         
قزوين,آبيك,بشاريات,بشاريات شرقي,باقر آباد ترک,86,277,138,139
قزوين,آبيك,بشاريات,بشاريات شرقي,حلال آباد,85,261,129,132
قزوين,آبيك,بشاريات,بشاريات شرقي,دبيريان,42,123,69,54
قزوين,آبيك,بشاريات,بشاريات شرقي,قره قباد,136,434,240,194
قزوين,آبيك,بشاريات,بشاريات شرقي,قزان چال,87,269,140,129
قزوين,آبيك,بشاريات,بشاريات شرقي,گنجاب,0,0,0,0
قزوين,آبيك,بشاريات,بشاريات شرقي,مالي آباد,16,45,26,19
قزوين,آبيك,بشاريات,بشاريات شرقي,شركت كشت و صنعت گنجاب,0,0,0,0
قزوين,آبيك,بشاريات,بشاريات شرقي,يعقوب آباد,*         ,*         ,*         ,*         
قزوين,آبيك,بشاريات,بشاريات شرقي,باقر آباد کرد,117,389,204,185
قزوين,آبيك,بشاريات,بشاريات شرقي,بهرام آباد,9,30,17,13
قزوين,آبيك,بشاريات,بشاريات شرقي,زاغه,182,539,261,278
قزوين,آبيك,بشاريات,بشاريات شرقي,محموديان,148,459,249,210
قزوين,آبيك,بشاريات,بشاريات شرقي,مزرعه قدرتي,28,103,57,46
قزوين,آبيك,بشاريات,بشاريات شرقي,منصور آباد,0,0,0,0
قزوين,آبيك,بشاريات,بشاريات شرقي,مزرعه بازرگاني,0,0,0,0
قزوين,آبيك,بشاريات,بشاريات شرقي,حاجي تپه,220,694,354,340
قزوين,آبيك,بشاريات,بشاريات شرقي,خطايان,270,802,435,367
قزوين,آبيك,بشاريات,بشاريات شرقي,خاكشان,210,645,343,302
قزوين,آبيك,بشاريات,بشاريات شرقي,شفيع آباد,*         ,*         ,*         ,*         
قزوين,آبيك,بشاريات,بشاريات غربي,                                                                                                                                                                                                        ,"2,305","7,549","4,034","3,515"
قزوين,آبيك,بشاريات,بشاريات غربي,رضي اباد,86,293,148,145
قزوين,آبيك,بشاريات,بشاريات غربي,شهراباد,93,293,154,139
قزوين,آبيك,بشاريات,بشاريات غربي,ابراهيم اباد,72,241,138,103
قزوين,آبيك,بشاريات,بشاريات غربي,حسين اباد,31,120,61,59
قزوين,آبيك,بشاريات,بشاريات غربي,کشت و صنعت هزارجلفا,14,47,24,23
قزوين,آبيك,بشاريات,بشاريات غربي,اسلام اباد,154,539,288,251
قزوين,آبيك,بشاريات,بشاريات غربي,هزارجلفا,172,583,314,269
قزوين,آبيك,بشاريات,بشاريات غربي,عبدل اباد,421,"1,369",716,653
قزوين,آبيك,بشاريات,بشاريات غربي,خرمپشته,342,"1,151",635,516
قزوين,آبيك,بشاريات,بشاريات غربي,موراباد,191,607,339,268
قزوين,آبيك,بشاريات,بشاريات غربي,زعفران,72,221,115,106
قزوين,آبيك,بشاريات,بشاريات غربي,گيل زور,162,518,278,240
قزوين,آبيك,بشاريات,بشاريات غربي,نودوز,251,829,437,392
قزوين,آبيك,بشاريات,بشاريات غربي,شهرستان,124,385,197,188
قزوين,آبيك,بشاريات,بشاريات غربي,مامجين,65,184,94,90
قزوين,آبيك,بشاريات,بشاريات غربي,يزبر,55,169,96,73
قزوين,آبيك,بشاريات,خاكعلي,                                                                                                                                                                                                        ,"1,001","3,148","1,616","1,532"
قزوين,آبيك,مركزئ,                                                                                                    ,                                                                                                                                                                                                        ,"24,098","78,157","40,507","37,650"
قزوين,آبيك,مركزئ,زياران,                                                                                                                                                                                                        ,"3,320","10,370","5,491","4,879"
قزوين,آبيك,مركزئ,زياران,زياران,"1,251","3,749","1,958","1,791"
قزوين,آبيك,مركزئ,زياران,ابراهيم اباد,17,37,20,17
قزوين,آبيك,مركزئ,زياران,آبيک عليا,7,15,9,6
قزوين,آبيك,مركزئ,زياران,آقچري,82,166,91,75
قزوين,آبيك,مركزئ,زياران,خوزنان,74,199,89,110
قزوين,آبيك,مركزئ,زياران,صمغ آباد,29,57,30,27
قزوين,آبيك,مركزئ,زياران,قاضي كلايه,11,25,16,9
قزوين,آبيك,مركزئ,زياران,ميان كوه,43,131,64,67
قزوين,آبيك,مركزئ,زياران,كلايه,0,0,0,0
قزوين,آبيك,مركزئ,زياران,آمادگاه آبيک,427,"1,684",982,702
قزوين,آبيك,مركزئ,زياران,کريم اباد,0,0,0,0
قزوين,آبيك,مركزئ,زياران,حسين آباد کرد,113,362,187,175
قزوين,آبيك,مركزئ,زياران,شركت تعاوني وحدت,5,18,9,9
قزوين,آبيك,مركزئ,زياران,شركت يوشوند,8,24,14,10
قزوين,آبيك,مركزئ,زياران,آبيک سفلي,38,105,59,46
قزوين,آبيك,مركزئ,زياران,قشلاق,"1,215","3,798","1,963","1,835"
قزوين,آبيك,مركزئ,كوهپايه شرقي,                                                                                                                                                                                                        ,"1,193","4,614","2,927","1,687"
قزوين,آبيك,مركزئ,كوهپايه شرقي,اتانك,32,75,37,38
قزوين,آبيك,مركزئ,كوهپايه شرقي,تازه اباد,104,298,142,156
قزوين,آبيك,مركزئ,كوهپايه شرقي,توداران,42,95,43,52
قزوين,آبيك,مركزئ,كوهپايه شرقي,جزمه,85,251,123,128
قزوين,آبيك,مركزئ,كوهپايه شرقي,دارالسرور,44,123,60,63
قزوين,آبيك,مركزئ,كوهپايه شرقي,شركت كشت و صنعت ابيك طيور,0,0,0,0
قزوين,آبيك,مركزئ,كوهپايه شرقي,طيخور,69,157,68,89
قزوين,آبيك,مركزئ,كوهپايه شرقي,پادگان اموزشي شهيدجوادنيا,*         ,*         ,*         ,*         
قزوين,آبيك,مركزئ,كوهپايه شرقي,كتيل دره,0,0,0,0
قزوين,آبيك,مركزئ,كوهپايه شرقي,كذلك,26,56,29,27
قزوين,آبيك,مركزئ,كوهپايه شرقي,كهوان,20,56,30,26
قزوين,آبيك,مركزئ,كوهپايه شرقي,مزرعه جزمه,*         ,*         ,*         ,*         
قزوين,آبيك,مركزئ,كوهپايه شرقي,مزرعه حاجي اباد,0,0,0,0
قزوين,آبيك,مركزئ,كوهپايه شرقي,ايستگاه زياران,0,0,0,0
قزوين,آبيك,مركزئ,كوهپايه شرقي,ناصراباد,472,"1,477",771,706
قزوين,آبيك,مركزئ,كوهپايه شرقي,اصغراباد,51,176,99,77
قزوين,آبيك,مركزئ,كوهپايه شرقي,بهجت اباد,110,311,155,156
قزوين,آبيك,مركزئ,كوهپايه شرقي,حاجي اباد,23,56,31,25
قزوين,آبيك,مركزئ,كوهپايه شرقي,خزين اباد,5,17,9,8
قزوين,آبيك,مركزئ,كوهپايه شرقي,فاليزان,73,265,181,84
قزوين,آبيك,مركزئ,كوهپايه شرقي,وندر,15,38,15,23
قزوين,آبيك,مركزئ,كوهپايه شرقي,يانس اباد,19,52,27,25
قزوين,آبيك,مركزئ,كوهپايه غربي,                                                                                                                                                                                                        ,"1,065","3,066","1,519","1,547"
قزوين,آبيك,مركزئ,كوهپايه غربي,امرودك,18,47,28,19
قزوين,آبيك,مركزئ,كوهپايه غربي,غريب مزرعه,26,59,30,29
قزوين,آبيك,مركزئ,كوهپايه غربي,چناسك,106,250,120,130
قزوين,آبيك,مركزئ,كوهپايه غربي,زرجه بستان,176,498,243,255
قزوين,آبيك,مركزئ,كوهپايه غربي,سايين دره,5,9,4,5
قزوين,آبيك,مركزئ,كوهپايه غربي,شكرناب,81,208,107,101
قزوين,آبيك,مركزئ,كوهپايه غربي,كياده,8,13,7,6
قزوين,آبيك,مركزئ,كوهپايه غربي,نوده,25,51,24,27
قزوين,آبيك,مركزئ,كوهپايه غربي,قطبي ميان,0,0,0,0
قزوين,آبيك,مركزئ,كوهپايه غربي,مزرعه تقوي,*         ,*         ,*         ,*         
قزوين,آبيك,مركزئ,كوهپايه غربي,شركت مرغ تك,*         ,*         ,*         ,*         
قزوين,آبيك,مركزئ,كوهپايه غربي,اسداباد,0,0,0,0
قزوين,آبيك,مركزئ,كوهپايه غربي,انجيلاق,117,319,154,165
قزوين,آبيك,مركزئ,كوهپايه غربي,كهوانك,30,99,51,48
قزوين,آبيك,مركزئ,كوهپايه غربي,گرجي قاراك,0,0,0,0
قزوين,آبيك,مركزئ,كوهپايه غربي,نيروگاه شهيدرجايي,0,0,0,0
قزوين,آبيك,مركزئ,كوهپايه غربي,مدام آباد,0,0,0,0
قزوين,آبيك,مركزئ,كوهپايه غربي,كوندج,470,"1,509",748,761
قزوين,آبيك,مركزئ,آبيك,                                                                                                                                                                                                        ,"18,520","60,107","30,570","29,537"
قزوين,البرز,                                                                                                    ,                                                                                                    ,                                                                                                                                                                                                        ,"75,922","242,865","123,908","118,957"
قزوين,البرز,محمديه,                                                                                                    ,                                                                                                                                                                                                        ,"43,898","138,903","70,674","68,229"
قزوين,البرز,محمديه,حصارخروان,                                                                                                                                                                                                        ,"3,211","9,662","4,895","4,767"
قزوين,البرز,محمديه,حصارخروان,اقاگير,75,212,118,94
قزوين,البرز,محمديه,حصارخروان,اكبراباد,36,79,40,39
قزوين,البرز,محمديه,حصارخروان,چاله,80,237,108,129
قزوين,البرز,محمديه,حصارخروان,حيله رود,110,329,181,148
قزوين,البرز,محمديه,حصارخروان,قزقلعه بزرگ,36,77,39,38
قزوين,البرز,محمديه,حصارخروان,كبريت ميان,55,154,78,76
قزوين,البرز,محمديه,حصارخروان,ورس,243,677,337,340
قزوين,البرز,محمديه,حصارخروان,ولامدر,69,223,105,118
قزوين,البرز,محمديه,حصارخروان,باورس,696,"2,147","1,091","1,056"
قزوين,البرز,محمديه,حصارخروان,حصارخروان,"1,318","3,949","1,988","1,961"
قزوين,البرز,محمديه,حصارخروان,شترك ماخورين,493,"1,578",810,768
قزوين,البرز,محمديه,شريف آباد,                                                                                                                                                                                                        ,109,321,163,158
قزوين,البرز,محمديه,شريف آباد,سازمان كشت وصنعت شريف اباد,27,87,50,37
قزوين,البرز,محمديه,شريف آباد,ديزج,82,234,113,121
قزوين,البرز,محمديه,شريفيه,                                                                                                                                                                                                        ,"6,074","20,347","10,516","9,831"
قزوين,البرز,محمديه,محمديه,                                                                                                                                                                                                        ,"28,923","90,513","45,777","44,736"
قزوين,البرز,محمديه,بيدستان,                                                                                                                                                                                                        ,"5,581","18,060","9,323","8,737"
قزوين,البرز,مركزئ,                                                                                                    ,                                                                                                                                                                                                        ,"32,024","103,962","53,234","50,728"
قزوين,البرز,مركزئ,پيريوسفيان,                                                                                                                                                                                                        ,"1,274","4,321","2,353","1,968"
قزوين,البرز,مركزئ,پيريوسفيان,شهرصنعتي البرز,58,230,157,73
قزوين,البرز,مركزئ,پيريوسفيان,پيريوسفيان,"1,211","4,071","2,184","1,887"
قزوين,البرز,مركزئ,پيريوسفيان,مزرعه دکترجباري,0,0,0,0
قزوين,البرز,مركزئ,پيريوسفيان,جهان اباد,*         ,*         ,*         ,*         
قزوين,البرز,مركزئ,پيريوسفيان,مزرعه مينودر,*         ,*         ,*         ,*         
قزوين,البرز,مركزئ,نصرت آباد,                                                                                                                                                                                                        ,"1,814","5,805","2,992","2,813"
قزوين,البرز,مركزئ,نصرت آباد,حسن آباد کلج,794,"2,506","1,315","1,191"
قزوين,البرز,مركزئ,نصرت آباد,كوچار,124,384,184,200
قزوين,البرز,مركزئ,نصرت آباد,منبره,42,113,61,52
قزوين,البرز,مركزئ,نصرت آباد,کمال آباد,854,"2,802","1,432","1,370"
قزوين,البرز,مركزئ,الوند,                                                                                                                                                                                                        ,"28,936","93,836","47,889","45,947"
قزوين,آوج,                                                                                                    ,                                                                                                    ,                                                                                                                                                                                                        ,"13,818","43,798","22,596","21,202"
قزوين,آوج,مرکزي,                                                                                                    ,                                                                                                                                                                                                        ,"7,984","25,532","13,229","12,303"
قزوين,آوج,مرکزي,حصاروليعصر,                                                                                                                                                                                                        ,"2,940","9,883","5,182","4,701"
قزوين,آوج,مرکزي,حصاروليعصر,اردلان,660,"2,375","1,224","1,151"
قزوين,آوج,مرکزي,حصاروليعصر,دشتک,386,"1,332",697,635
قزوين,آوج,مرکزي,حصاروليعصر,ازانبار,191,622,335,287
قزوين,آوج,مرکزي,حصاروليعصر,بالابان,0,0,0,0
قزوين,آوج,مرکزي,حصاروليعصر,حسن اباد,29,95,52,43
قزوين,آوج,مرکزي,حصاروليعصر,لک,125,455,248,207
قزوين,آوج,مرکزي,حصاروليعصر,ابدره,49,146,76,70
قزوين,آوج,مرکزي,حصاروليعصر,چهارچشمه,0,0,0,0
قزوين,آوج,مرکزي,حصاروليعصر,حصارولي عصر,247,904,481,423
قزوين,آوج,مرکزي,حصاروليعصر,علي اباد,98,280,150,130
قزوين,آوج,مرکزي,حصاروليعصر,قطعلي,0,0,0,0
قزوين,آوج,مرکزي,حصاروليعصر,حسين اباد,28,82,40,42
قزوين,آوج,مرکزي,حصاروليعصر,سعيداباد,93,337,177,160
قزوين,آوج,مرکزي,حصاروليعصر,طبل شکين,92,266,137,129
قزوين,آوج,مرکزي,حصاروليعصر,محموداباد,100,338,189,149
قزوين,آوج,مرکزي,حصاروليعصر,ديدار,70,248,124,124
قزوين,آوج,مرکزي,حصاروليعصر,شهرباز,28,92,51,41
قزوين,آوج,مرکزي,حصاروليعصر,قره بلاغ,48,167,80,87
قزوين,آوج,مرکزي,حصاروليعصر,قره تپه,0,0,0,0
قزوين,آوج,مرکزي,حصاروليعصر,قلعه,22,75,38,37
قزوين,آوج,مرکزي,حصاروليعصر,کردجين,21,71,40,31
قزوين,آوج,مرکزي,حصاروليعصر,کله سر,33,89,48,41
قزوين,آوج,مرکزي,حصاروليعصر,مشهد,39,97,52,45
قزوين,آوج,مرکزي,حصاروليعصر,ادار,57,219,98,121
قزوين,آوج,مرکزي,حصاروليعصر,ازناب,29,104,55,49
قزوين,آوج,مرکزي,حصاروليعصر,عبداله مسعودسفلي,46,152,86,66
قزوين,آوج,مرکزي,حصاروليعصر,عبداله مسعودعليا,43,148,81,67
قزوين,آوج,مرکزي,حصاروليعصر,قانقانلو,105,313,173,140
قزوين,آوج,مرکزي,حصاروليعصر,قوشه قويي,42,136,69,67
قزوين,آوج,مرکزي,حصاروليعصر,لجامگير,29,105,57,48
قزوين,آوج,مرکزي,حصاروليعصر,چنگوره,110,308,151,157
قزوين,آوج,مرکزي,حصاروليعصر,اسماعيل اباد,66,204,105,99
قزوين,آوج,مرکزي,حصاروليعصر,کامشکان,54,123,68,55
قزوين,آوج,مرکزي,خرقان غربي,                                                                                                                                                                                                        ,933,"2,699","1,411","1,288"
قزوين,آوج,مرکزي,خرقان غربي,اسداباد,52,165,96,69
قزوين,آوج,مرکزي,خرقان غربي,شوراب,107,322,164,158
قزوين,آوج,مرکزي,خرقان غربي,منصور,203,571,293,278
قزوين,آوج,مرکزي,خرقان غربي,امامزاده علاالدين,86,235,126,109
قزوين,آوج,مرکزي,خرقان غربي,نيرج,183,481,259,222
قزوين,آوج,مرکزي,خرقان غربي,اروان,126,347,168,179
قزوين,آوج,مرکزي,خرقان غربي,رضوان,0,0,0,0
قزوين,آوج,مرکزي,خرقان غربي,قوزلو,103,332,169,163
قزوين,آوج,مرکزي,خرقان غربي,نقاش,35,122,70,52
قزوين,آوج,مرکزي,خرقان غربي,بي اب,38,124,66,58
قزوين,آوج,مرکزي,شهيدآباد,                                                                                                                                                                                                        ,"2,490","7,808","3,978","3,830"
قزوين,آوج,مرکزي,شهيدآباد,پروان,152,482,250,232
قزوين,آوج,مرکزي,شهيدآباد,مشانه,95,286,147,139
قزوين,آوج,مرکزي,شهيدآباد,ارقيه,48,142,77,65
قزوين,آوج,مرکزي,شهيدآباد,خروس دره,130,368,186,182
قزوين,آوج,مرکزي,شهيدآباد,گل چشمه,29,72,39,33
قزوين,آوج,مرکزي,شهيدآباد,کاروانسرا,27,62,37,25
قزوين,آوج,مرکزي,شهيدآباد,راهدارخانه آوج,0,0,0,0
قزوين,آوج,مرکزي,شهيدآباد,چوبينه,54,122,54,68
قزوين,آوج,مرکزي,شهيدآباد,قهوج,253,815,415,400
قزوين,آوج,مرکزي,شهيدآباد,شهيداباد,463,"1,418",703,715
قزوين,آوج,مرکزي,شهيدآباد,خسرواباد,106,332,167,165
قزوين,آوج,مرکزي,شهيدآباد,هرايين عليا,411,"1,284",630,654
قزوين,آوج,مرکزي,شهيدآباد,پرسبانج,249,890,467,423
قزوين,آوج,مرکزي,شهيدآباد,وروق,112,362,184,178
قزوين,آوج,مرکزي,شهيدآباد,استلج,254,842,442,400
قزوين,آوج,مرکزي,شهيدآباد,بازارقلي,0,0,0,0
قزوين,آوج,مرکزي,شهيدآباد,احمد آباد,13,56,30,26
قزوين,آوج,مرکزي,شهيدآباد,سنگاوين,93,273,149,124
قزوين,آوج,مرکزي,شهيدآباد,علي حلاج,*         ,*         ,*         ,*         
قزوين,آوج,مرکزي,آوج,                                                                                                                                                                                                        ,"1,621","5,142","2,658","2,484"
قزوين,آوج,آبگرم,                                                                                                    ,                                                                                                                                                                                                        ,"5,833","18,265","9,366","8,899"
قزوين,آوج,آبگرم,آبگرم,                                                                                                                                                                                                        ,"1,711","5,220","2,675","2,545"
قزوين,آوج,آبگرم,آبگرم,ساغران عليا,110,321,161,160
قزوين,آوج,آبگرم,آبگرم,يولچي,0,0,0,0
قزوين,آوج,آبگرم,آبگرم,اسيان,112,379,186,193
قزوين,آوج,آبگرم,آبگرم,اقابلاغ اسيان,0,0,0,0
قزوين,آوج,آبگرم,آبگرم,داسکين,11,26,13,13
قزوين,آوج,آبگرم,آبگرم,ساغران سفلي,60,197,104,93
قزوين,آوج,آبگرم,آبگرم,هلدر,36,98,51,47
قزوين,آوج,آبگرم,آبگرم,ياستي بلاغ,120,361,185,176
قزوين,آوج,آبگرم,آبگرم,اقچه قلعه,32,105,49,56
قزوين,آوج,آبگرم,آبگرم,کوکج,36,108,62,46
قزوين,آوج,آبگرم,آبگرم,عباس اباد,105,274,143,131
قزوين,آوج,آبگرم,آبگرم,قرخ بلاغ,53,145,70,75
قزوين,آوج,آبگرم,آبگرم,نجف اباد,105,331,170,161
قزوين,آوج,آبگرم,آبگرم,داخرجين,131,411,201,210
قزوين,آوج,آبگرم,آبگرم,بهشتيان,117,368,194,174
قزوين,آوج,آبگرم,آبگرم,احمداباد,82,240,121,119
قزوين,آوج,آبگرم,آبگرم,قمشلو,99,329,176,153
قزوين,آوج,آبگرم,آبگرم,کيسه جين,66,221,111,110
قزوين,آوج,آبگرم,آبگرم,دشت اهو,41,137,77,60
قزوين,آوج,آبگرم,آبگرم,اروچان,182,531,280,251
قزوين,آوج,آبگرم,آبگرم,بيگلر,40,126,61,65
قزوين,آوج,آبگرم,آبگرم,شاخدار,173,512,260,252
قزوين,آوج,آبگرم,خرقان شرقي,                                                                                                                                                                                                        ,"2,219","6,709","3,392","3,317"
قزوين,آوج,آبگرم,خرقان شرقي,افشارمحمد,14,38,18,20
قزوين,آوج,آبگرم,خرقان شرقي,دانک,156,477,229,248
قزوين,آوج,آبگرم,خرقان شرقي,قلي کندي,0,0,0,0
قزوين,آوج,آبگرم,خرقان شرقي,مزرعه تخچه علي,0,0,0,0
قزوين,آوج,آبگرم,خرقان شرقي,نصرت اباد,71,239,129,110
قزوين,آوج,آبگرم,خرقان شرقي,اقچه دام,6,21,14,7
قزوين,آوج,آبگرم,خرقان شرقي,چاه برف,40,126,71,55
قزوين,آوج,آبگرم,خرقان شرقي,رزک,68,194,96,98
قزوين,آوج,آبگرم,خرقان شرقي,سبزک,114,325,154,171
قزوين,آوج,آبگرم,خرقان شرقي,علي اباد,11,35,17,18
قزوين,آوج,آبگرم,خرقان شرقي,فارس غلان,23,59,33,26
قزوين,آوج,آبگرم,خرقان شرقي,قره اغاج,37,97,47,50
قزوين,آوج,آبگرم,خرقان شرقي,گل زمين,90,257,132,125
قزوين,آوج,آبگرم,خرقان شرقي,پرچيک,0,0,0,0
قزوين,آوج,آبگرم,خرقان شرقي,تواباد,218,682,349,333
قزوين,آوج,آبگرم,خرقان شرقي,قره داش پرچيک,119,369,194,175
قزوين,آوج,آبگرم,خرقان شرقي,مندک,0,0,0,0
قزوين,آوج,آبگرم,خرقان شرقي,يمق,74,221,115,106
قزوين,آوج,آبگرم,خرقان شرقي,ينگجه,0,0,0,0
قزوين,آوج,آبگرم,خرقان شرقي,کلنجين,339,"1,080",511,569
قزوين,آوج,آبگرم,خرقان شرقي,ارتش اباد,248,728,379,349
قزوين,آوج,آبگرم,خرقان شرقي,کشکين,0,0,0,0
قزوين,آوج,آبگرم,خرقان شرقي,ميان دره,16,41,21,20
قزوين,آوج,آبگرم,خرقان شرقي,اک,18,42,22,20
قزوين,آوج,آبگرم,خرقان شرقي,امام زاده,44,139,72,67
قزوين,آوج,آبگرم,خرقان شرقي,تخت ميلاق,0,0,0,0
قزوين,آوج,آبگرم,خرقان شرقي,شينگل,124,385,193,192
قزوين,آوج,آبگرم,خرقان شرقي,مصراباد,94,293,140,153
قزوين,آوج,آبگرم,خرقان شرقي,ميلاق,24,75,44,31
قزوين,آوج,آبگرم,خرقان شرقي,ايلدرجين,70,198,102,96
قزوين,آوج,آبگرم,خرقان شرقي,بادغين,97,284,147,137
قزوين,آوج,آبگرم,خرقان شرقي,سيراب,104,304,163,141
قزوين,آوج,آبگرم,آبگرم,                                                                                                                                                                                                        ,"1,903","6,336","3,299","3,037"
